user_id,applicant_id,question_id,answer_id,job_posting_id,job_posting_title,job_posting_description,job_posting_responsibilities,job_posting_requirements,job_posting_qualifications,job_posting_required_skills,job_posting_preferred_skills,question,answer,weight,mapped_competencies,weight_version
019a1979-e3f4-73dd-ad63-421f10f9a5ed,019a1b00-6ec6-72c2-b6c7-bd439239bd38,6adb1eeb-8c7f-47b2-aa46-6d0b0be41704,019a1b00-6ec7-7178-a0b5-886098a13d6d,bc001aa7-ffa9-41fb-80be-f712e33bf300,"Staf Administrasi Biro Pembelajaran","Kami mencari Staf Administrasi yang teliti dan memiliki kemampuan komunikasi yang baik untuk mendukung operasional harian Biro Pembelajaran.","[{""id"":""responsibility_1"",""value"":""Mengelola data yudisium dan menerbitkan ijazah""},{""id"":""responsibility_2"",""value"":""Menyiapkan alat tulis untuk dosen""},{""id"":""responsibility_3"",""value"":""Mengelola absensi dosen""},{""id"":""responsibility_4"",""value"":""Menginput jadwal perkuliahan""},{""id"":""responsibility_5"",""value"":""Menggandakan dan mendistribusikan soal ujian""}]","[{""id"":""requirement_1"",""value"":""Minimal lulusan D3 Administrasi atau bidang terkait""},{""id"":""requirement_2"",""value"":""Menguasai Microsoft Office (Word, Excel, PowerPoint)""},{""id"":""requirement_3"",""value"":""Mampu bekerja secara mandiri maupun tim""},{""id"":""requirement_4"",""value"":""Berpengalaman di bidang administrasi menjadi nilai tambah""}]","[{""id"":""qualification_1"",""value"":""Teliti, disiplin, dan mampu bekerja sesuai prosedur administrasi""},{""id"":""qualification_2"",""value"":""Memiliki kemampuan komunikasi yang baik""},{""id"":""qualification_3"",""value"":""Dapat mengatur waktu dan prioritas pekerjaan dengan efektif""}]","[{""id"":""required_skill_1"",""value"":""Microsoft Excel dan Word tingkat menengah""},{""id"":""required_skill_2"",""value"":""Kemampuan mengetik cepat dan akurat""},{""id"":""required_skill_3"",""value"":""Kemampuan mengarsipkan dokumen dengan rapi""}]","[{""id"":""preferred_skill_1"",""value"":""Pengalaman menggunakan sistem informasi akademik (SIAKAD)""},{""id"":""preferred_skill_2"",""value"":""Memahami proses administrasi pendidikan tinggi""},{""id"":""preferred_skill_3"",""value"":""Mampu membuat laporan administrasi sederhana""}]","Ceritakan pengalaman kerja terdahulu. Anda boleh menceritakan relevansi pengalaman kerja dulu dengan lowongan kerja yang Bapak/Ibu lamar.","Tugas saya diperusahaan sebelumnya saya bekerja sebagai administrasi, dimana tugas saya yaitu membuat laporan keuangan, membantu laporan akreditasi perusahaan terbiasa menggunakan komputer dan microsoft office setiap kali bekerja .",0.3,"[""requirement_4"",""preferred_skill_3""]",1
019a1979-e3f4-73dd-ad63-421f10f9a5ed,019a1b00-6ec6-72c2-b6c7-bd439239bd38,34fdae11-e199-4b82-b3af-4bc2f7b4d9cb,019a1b00-6ec7-7178-a0b5-886099777dcb,bc001aa7-ffa9-41fb-80be-f712e33bf300,"Staf Administrasi Biro Pembelajaran","Kami mencari Staf Administrasi yang teliti dan memiliki kemampuan komunikasi yang baik untuk mendukung operasional harian Biro Pembelajaran.","[{""id"":""responsibility_1"",""value"":""Mengelola data yudisium dan menerbitkan ijazah""},{""id"":""responsibility_2"",""value"":""Menyiapkan alat tulis untuk dosen""},{""id"":""responsibility_3"",""value"":""Mengelola absensi dosen""},{""id"":""responsibility_4"",""value"":""Menginput jadwal perkuliahan""},{""id"":""responsibility_5"",""value"":""Menggandakan dan mendistribusikan soal ujian""}]","[{""id"":""requirement_1"",""value"":""Minimal lulusan D3 Administrasi atau bidang terkait""},{""id"":""requirement_2"",""value"":""Menguasai Microsoft Office (Word, Excel, PowerPoint)""},{""id"":""requirement_3"",""value"":""Mampu bekerja secara mandiri maupun tim""},{""id"":""requirement_4"",""value"":""Berpengalaman di bidang administrasi menjadi nilai tambah""}]","[{""id"":""qualification_1"",""value"":""Teliti, disiplin, dan mampu bekerja sesuai prosedur administrasi""},{""id"":""qualification_2"",""value"":""Memiliki kemampuan komunikasi yang baik""},{""id"":""qualification_3"",""value"":""Dapat mengatur waktu dan prioritas pekerjaan dengan efektif""}]","[{""id"":""required_skill_1"",""value"":""Microsoft Excel dan Word tingkat menengah""},{""id"":""required_skill_2"",""value"":""Kemampuan mengetik cepat dan akurat""},{""id"":""required_skill_3"",""value"":""Kemampuan mengarsipkan dokumen dengan rapi""}]","[{""id"":""preferred_skill_1"",""value"":""Pengalaman menggunakan sistem informasi akademik (SIAKAD)""},{""id"":""preferred_skill_2"",""value"":""Memahami proses administrasi pendidikan tinggi""},{""id"":""preferred_skill_3"",""value"":""Mampu membuat laporan administrasi sederhana""}]","Apa motivasi Bapak/Ibu untuk bekerja di Universitas Trilogi?","keinginan untuk berkontribusi pada almamater, mengembangkan diri di lingkungan yang sudah dikenal, hingga mencari pengalaman kerja yang relevan dengan bidang studi. Dengan keinginan untuk terus belajar, memanfaatkan keahlian yang dimiliki, dan berkontribusi pada kemajuan kampus. ",0.2,"[""qualification_2"",""qualification_3""]",1
019a1979-e3f4-73dd-ad63-421f10f9a5ed,019a1b00-6ec6-72c2-b6c7-bd439239bd38,e5531ee9-5dc4-4408-aee0-6a896f69c434,019a1b00-6ec8-73ad-a0ed-2870f3d93400,bc001aa7-ffa9-41fb-80be-f712e33bf300,"Staf Administrasi Biro Pembelajaran","Kami mencari Staf Administrasi yang teliti dan memiliki kemampuan komunikasi yang baik untuk mendukung operasional harian Biro Pembelajaran.","[{""id"":""responsibility_1"",""value"":""Mengelola data yudisium dan menerbitkan ijazah""},{""id"":""responsibility_2"",""value"":""Menyiapkan alat tulis untuk dosen""},{""id"":""responsibility_3"",""value"":""Mengelola absensi dosen""},{""id"":""responsibility_4"",""value"":""Menginput jadwal perkuliahan""},{""id"":""responsibility_5"",""value"":""Menggandakan dan mendistribusikan soal ujian""}]","[{""id"":""requirement_1"",""value"":""Minimal lulusan D3 Administrasi atau bidang terkait""},{""id"":""requirement_2"",""value"":""Menguasai Microsoft Office (Word, Excel, PowerPoint)""},{""id"":""requirement_3"",""value"":""Mampu bekerja secara mandiri maupun tim""},{""id"":""requirement_4"",""value"":""Berpengalaman di bidang administrasi menjadi nilai tambah""}]","[{""id"":""qualification_1"",""value"":""Teliti, disiplin, dan mampu bekerja sesuai prosedur administrasi""},{""id"":""qualification_2"",""value"":""Memiliki kemampuan komunikasi yang baik""},{""id"":""qualification_3"",""value"":""Dapat mengatur waktu dan prioritas pekerjaan dengan efektif""}]","[{""id"":""required_skill_1"",""value"":""Microsoft Excel dan Word tingkat menengah""},{""id"":""required_skill_2"",""value"":""Kemampuan mengetik cepat dan akurat""},{""id"":""required_skill_3"",""value"":""Kemampuan mengarsipkan dokumen dengan rapi""}]","[{""id"":""preferred_skill_1"",""value"":""Pengalaman menggunakan sistem informasi akademik (SIAKAD)""},{""id"":""preferred_skill_2"",""value"":""Memahami proses administrasi pendidikan tinggi""},{""id"":""preferred_skill_3"",""value"":""Mampu membuat laporan administrasi sederhana""}]","Apa yang Bapak/Ibu ketahui tentang posisi ini?","pengelolaan data akademik mahasiswa, pelaksanaan kegiatan perkuliahan, dan penyediaan informasi terkait akademik. Secara umum, tugas-tugas tersebut meliputi pengelolaan data mahasiswa, penyusunan jadwal perkuliahan dan ujian, serta mendukung kegiatan pengembangan mahasiswa.",0.2,"[""responsibility_1"",""responsibility_4""]",1
019a1979-e3f4-73dd-ad63-421f10f9a5ed,019a1b00-6ec6-72c2-b6c7-bd439239bd38,de90a53e-edd6-465d-8c24-488480f93d64,019a1b00-6ec8-73ad-a0ed-2870f4a3d812,bc001aa7-ffa9-41fb-80be-f712e33bf300,"Staf Administrasi Biro Pembelajaran","Kami mencari Staf Administrasi yang teliti dan memiliki kemampuan komunikasi yang baik untuk mendukung operasional harian Biro Pembelajaran.","[{""id"":""responsibility_1"",""value"":""Mengelola data yudisium dan menerbitkan ijazah""},{""id"":""responsibility_2"",""value"":""Menyiapkan alat tulis untuk dosen""},{""id"":""responsibility_3"",""value"":""Mengelola absensi dosen""},{""id"":""responsibility_4"",""value"":""Menginput jadwal perkuliahan""},{""id"":""responsibility_5"",""value"":""Menggandakan dan mendistribusikan soal ujian""}]","[{""id"":""requirement_1"",""value"":""Minimal lulusan D3 Administrasi atau bidang terkait""},{""id"":""requirement_2"",""value"":""Menguasai Microsoft Office (Word, Excel, PowerPoint)""},{""id"":""requirement_3"",""value"":""Mampu bekerja secara mandiri maupun tim""},{""id"":""requirement_4"",""value"":""Berpengalaman di bidang administrasi menjadi nilai tambah""}]","[{""id"":""qualification_1"",""value"":""Teliti, disiplin, dan mampu bekerja sesuai prosedur administrasi""},{""id"":""qualification_2"",""value"":""Memiliki kemampuan komunikasi yang baik""},{""id"":""qualification_3"",""value"":""Dapat mengatur waktu dan prioritas pekerjaan dengan efektif""}]","[{""id"":""required_skill_1"",""value"":""Microsoft Excel dan Word tingkat menengah""},{""id"":""required_skill_2"",""value"":""Kemampuan mengetik cepat dan akurat""},{""id"":""required_skill_3"",""value"":""Kemampuan mengarsipkan dokumen dengan rapi""}]","[{""id"":""preferred_skill_1"",""value"":""Pengalaman menggunakan sistem informasi akademik (SIAKAD)""},{""id"":""preferred_skill_2"",""value"":""Memahami proses administrasi pendidikan tinggi""},{""id"":""preferred_skill_3"",""value"":""Mampu membuat laporan administrasi sederhana""}]","Apa rencana pengembangan ke depannya apabila Anda diterima dalam posisi ini?","Pengembangan ke depan untuk bagian administrasi di biro pembelajaran kampus akan fokus pada peningkatan efisiensi, penggunaan teknologi, dan peningkatan kualitas layanan. Hal ini mencakup digitalisasi proses administrasi, pengembangan sistem informasi yang terintegrasi, peningkatan kompetensi staf, serta peningkatan kualitas layanan kepada mahasiswa dan dosen, dan pastinya saya akan bekerja dengan sungguh-sungguh dan bekerja secara bertanggung jawab atas apa yg sudah diberikan kepada saya.",0.15,"[""qualification_3"",""preferred_skill_1""]",1
019a1979-e3f4-73dd-ad63-421f10f9a5ed,019a1b00-6ec6-72c2-b6c7-bd439239bd38,335c8997-2285-4e51-87b4-cc0bb8075ae8,019a1b00-6ec8-73ad-a0ed-2870f5117485,bc001aa7-ffa9-41fb-80be-f712e33bf300,"Staf Administrasi Biro Pembelajaran","Kami mencari Staf Administrasi yang teliti dan memiliki kemampuan komunikasi yang baik untuk mendukung operasional harian Biro Pembelajaran.","[{""id"":""responsibility_1"",""value"":""Mengelola data yudisium dan menerbitkan ijazah""},{""id"":""responsibility_2"",""value"":""Menyiapkan alat tulis untuk dosen""},{""id"":""responsibility_3"",""value"":""Mengelola absensi dosen""},{""id"":""responsibility_4"",""value"":""Menginput jadwal perkuliahan""},{""id"":""responsibility_5"",""value"":""Menggandakan dan mendistribusikan soal ujian""}]","[{""id"":""requirement_1"",""value"":""Minimal lulusan D3 Administrasi atau bidang terkait""},{""id"":""requirement_2"",""value"":""Menguasai Microsoft Office (Word, Excel, PowerPoint)""},{""id"":""requirement_3"",""value"":""Mampu bekerja secara mandiri maupun tim""},{""id"":""requirement_4"",""value"":""Berpengalaman di bidang administrasi menjadi nilai tambah""}]","[{""id"":""qualification_1"",""value"":""Teliti, disiplin, dan mampu bekerja sesuai prosedur administrasi""},{""id"":""qualification_2"",""value"":""Memiliki kemampuan komunikasi yang baik""},{""id"":""qualification_3"",""value"":""Dapat mengatur waktu dan prioritas pekerjaan dengan efektif""}]","[{""id"":""required_skill_1"",""value"":""Microsoft Excel dan Word tingkat menengah""},{""id"":""required_skill_2"",""value"":""Kemampuan mengetik cepat dan akurat""},{""id"":""required_skill_3"",""value"":""Kemampuan mengarsipkan dokumen dengan rapi""}]","[{""id"":""preferred_skill_1"",""value"":""Pengalaman menggunakan sistem informasi akademik (SIAKAD)""},{""id"":""preferred_skill_2"",""value"":""Memahami proses administrasi pendidikan tinggi""},{""id"":""preferred_skill_3"",""value"":""Mampu membuat laporan administrasi sederhana""}]","Jika Anda diterima, apa yang Anda butuhkan dari Biro Sumber Daya Manusia untuk mengembangkan diri Anda?","
Karyawan perlu memahami area mana yang perlu ditingkatkan, baik itu keterampilan teknis, kepemimpinan, atau soft skills.
* akses program pengembangan :Biro ini yaitu menyediakan program pelatihan, seminar dll
* Dukungan dari atasan : karyawan sangat bener"" butuh sekali dukungan penuh dari atasan, untuk mengembangkan skillnya.
*Fasilitas dan lingkungan kerja yg mendung : itu salah satu hal yg penting, dimana karyawannya itu sendiri jika nyaman dengan lingkungan kerjanya, makanya tingkat kerjanyanya pun juga pasti bisa maksimal.
dan masih banyak lagi yang lainnya.",0.15,"[""qualification_1"",""required_skill_1""]",1
019a1979-e4bd-7283-a420-703a2f9dfb7f,019a1b00-6f8e-7203-b47e-a026f8d40eaf,6adb1eeb-8c7f-47b2-aa46-6d0b0be41704,019a1b00-6f8e-7203-b47e-a026f942b76d,bc001aa7-ffa9-41fb-80be-f712e33bf300,"Staf Administrasi Biro Pembelajaran","Kami mencari Staf Administrasi yang teliti dan memiliki kemampuan komunikasi yang baik untuk mendukung operasional harian Biro Pembelajaran.","[{""id"":""responsibility_1"",""value"":""Mengelola data yudisium dan menerbitkan ijazah""},{""id"":""responsibility_2"",""value"":""Menyiapkan alat tulis untuk dosen""},{""id"":""responsibility_3"",""value"":""Mengelola absensi dosen""},{""id"":""responsibility_4"",""value"":""Menginput jadwal perkuliahan""},{""id"":""responsibility_5"",""value"":""Menggandakan dan mendistribusikan soal ujian""}]","[{""id"":""requirement_1"",""value"":""Minimal lulusan D3 Administrasi atau bidang terkait""},{""id"":""requirement_2"",""value"":""Menguasai Microsoft Office (Word, Excel, PowerPoint)""},{""id"":""requirement_3"",""value"":""Mampu bekerja secara mandiri maupun tim""},{""id"":""requirement_4"",""value"":""Berpengalaman di bidang administrasi menjadi nilai tambah""}]","[{""id"":""qualification_1"",""value"":""Teliti, disiplin, dan mampu bekerja sesuai prosedur administrasi""},{""id"":""qualification_2"",""value"":""Memiliki kemampuan komunikasi yang baik""},{""id"":""qualification_3"",""value"":""Dapat mengatur waktu dan prioritas pekerjaan dengan efektif""}]","[{""id"":""required_skill_1"",""value"":""Microsoft Excel dan Word tingkat menengah""},{""id"":""required_skill_2"",""value"":""Kemampuan mengetik cepat dan akurat""},{""id"":""required_skill_3"",""value"":""Kemampuan mengarsipkan dokumen dengan rapi""}]","[{""id"":""preferred_skill_1"",""value"":""Pengalaman menggunakan sistem informasi akademik (SIAKAD)""},{""id"":""preferred_skill_2"",""value"":""Memahami proses administrasi pendidikan tinggi""},{""id"":""preferred_skill_3"",""value"":""Mampu membuat laporan administrasi sederhana""}]","Ceritakan pengalaman kerja terdahulu. Anda boleh menceritakan relevansi pengalaman kerja dulu dengan lowongan kerja yang Bapak/Ibu lamar.","saya memiliki pengalaman magang sebagai admin data entry yang bertanggung jawab memasukkan,mengecek dan update data. selain itu saya juga pernah mengikuti pelatihan sebagai data management staff selama 45 hari di PPKD Jakarta Pusat yang menambah pengetahuan dan keterampilan saya di bidang administrasi.",0.3,"[""requirement_4"",""preferred_skill_3""]",1
019a1979-e4bd-7283-a420-703a2f9dfb7f,019a1b00-6f8e-7203-b47e-a026f8d40eaf,34fdae11-e199-4b82-b3af-4bc2f7b4d9cb,019a1b00-6f8f-7320-b9d3-2b3fe72adb7d,bc001aa7-ffa9-41fb-80be-f712e33bf300,"Staf Administrasi Biro Pembelajaran","Kami mencari Staf Administrasi yang teliti dan memiliki kemampuan komunikasi yang baik untuk mendukung operasional harian Biro Pembelajaran.","[{""id"":""responsibility_1"",""value"":""Mengelola data yudisium dan menerbitkan ijazah""},{""id"":""responsibility_2"",""value"":""Menyiapkan alat tulis untuk dosen""},{""id"":""responsibility_3"",""value"":""Mengelola absensi dosen""},{""id"":""responsibility_4"",""value"":""Menginput jadwal perkuliahan""},{""id"":""responsibility_5"",""value"":""Menggandakan dan mendistribusikan soal ujian""}]","[{""id"":""requirement_1"",""value"":""Minimal lulusan D3 Administrasi atau bidang terkait""},{""id"":""requirement_2"",""value"":""Menguasai Microsoft Office (Word, Excel, PowerPoint)""},{""id"":""requirement_3"",""value"":""Mampu bekerja secara mandiri maupun tim""},{""id"":""requirement_4"",""value"":""Berpengalaman di bidang administrasi menjadi nilai tambah""}]","[{""id"":""qualification_1"",""value"":""Teliti, disiplin, dan mampu bekerja sesuai prosedur administrasi""},{""id"":""qualification_2"",""value"":""Memiliki kemampuan komunikasi yang baik""},{""id"":""qualification_3"",""value"":""Dapat mengatur waktu dan prioritas pekerjaan dengan efektif""}]","[{""id"":""required_skill_1"",""value"":""Microsoft Excel dan Word tingkat menengah""},{""id"":""required_skill_2"",""value"":""Kemampuan mengetik cepat dan akurat""},{""id"":""required_skill_3"",""value"":""Kemampuan mengarsipkan dokumen dengan rapi""}]","[{""id"":""preferred_skill_1"",""value"":""Pengalaman menggunakan sistem informasi akademik (SIAKAD)""},{""id"":""preferred_skill_2"",""value"":""Memahami proses administrasi pendidikan tinggi""},{""id"":""preferred_skill_3"",""value"":""Mampu membuat laporan administrasi sederhana""}]","Apa motivasi Bapak/Ibu untuk bekerja di Universitas Trilogi?","motivasinya yaitu saya ingin bekerja di lingkungan yang positif, familiar, dan bisa memberi saya kesempatan untuk terus belajar dan menerapkan ilmu dan keterampilan yang sudah saya pelajari. Saya yakin bekerja disini sebagai langkah awal yang baik untuk membangun karier saya kedepannya",0.2,"[""qualification_2"",""qualification_3""]",1
019a1979-e4bd-7283-a420-703a2f9dfb7f,019a1b00-6f8e-7203-b47e-a026f8d40eaf,e5531ee9-5dc4-4408-aee0-6a896f69c434,019a1b00-6f8f-7320-b9d3-2b3fe8080fde,bc001aa7-ffa9-41fb-80be-f712e33bf300,"Staf Administrasi Biro Pembelajaran","Kami mencari Staf Administrasi yang teliti dan memiliki kemampuan komunikasi yang baik untuk mendukung operasional harian Biro Pembelajaran.","[{""id"":""responsibility_1"",""value"":""Mengelola data yudisium dan menerbitkan ijazah""},{""id"":""responsibility_2"",""value"":""Menyiapkan alat tulis untuk dosen""},{""id"":""responsibility_3"",""value"":""Mengelola absensi dosen""},{""id"":""responsibility_4"",""value"":""Menginput jadwal perkuliahan""},{""id"":""responsibility_5"",""value"":""Menggandakan dan mendistribusikan soal ujian""}]","[{""id"":""requirement_1"",""value"":""Minimal lulusan D3 Administrasi atau bidang terkait""},{""id"":""requirement_2"",""value"":""Menguasai Microsoft Office (Word, Excel, PowerPoint)""},{""id"":""requirement_3"",""value"":""Mampu bekerja secara mandiri maupun tim""},{""id"":""requirement_4"",""value"":""Berpengalaman di bidang administrasi menjadi nilai tambah""}]","[{""id"":""qualification_1"",""value"":""Teliti, disiplin, dan mampu bekerja sesuai prosedur administrasi""},{""id"":""qualification_2"",""value"":""Memiliki kemampuan komunikasi yang baik""},{""id"":""qualification_3"",""value"":""Dapat mengatur waktu dan prioritas pekerjaan dengan efektif""}]","[{""id"":""required_skill_1"",""value"":""Microsoft Excel dan Word tingkat menengah""},{""id"":""required_skill_2"",""value"":""Kemampuan mengetik cepat dan akurat""},{""id"":""required_skill_3"",""value"":""Kemampuan mengarsipkan dokumen dengan rapi""}]","[{""id"":""preferred_skill_1"",""value"":""Pengalaman menggunakan sistem informasi akademik (SIAKAD)""},{""id"":""preferred_skill_2"",""value"":""Memahami proses administrasi pendidikan tinggi""},{""id"":""preferred_skill_3"",""value"":""Mampu membuat laporan administrasi sederhana""}]","Apa yang Bapak/Ibu ketahui tentang posisi ini?","dari yang saya ketahui sebagai staff administrasi memiliki tugas yang mencakup pengelolaan data, dokumen, surat-menyurat, serta mendukung kegiatan operasional lainnya. yang membutuhkan keterampilan seperti ketelitian, komunikasi yang baik, management waktu, juga memiliki kemampuan kerja yang rapi dan terstrukur   ",0.2,"[""responsibility_1"",""responsibility_4""]",1
019a1979-e4bd-7283-a420-703a2f9dfb7f,019a1b00-6f8e-7203-b47e-a026f8d40eaf,de90a53e-edd6-465d-8c24-488480f93d64,019a1b00-6f8f-7320-b9d3-2b3fe80c562d,bc001aa7-ffa9-41fb-80be-f712e33bf300,"Staf Administrasi Biro Pembelajaran","Kami mencari Staf Administrasi yang teliti dan memiliki kemampuan komunikasi yang baik untuk mendukung operasional harian Biro Pembelajaran.","[{""id"":""responsibility_1"",""value"":""Mengelola data yudisium dan menerbitkan ijazah""},{""id"":""responsibility_2"",""value"":""Menyiapkan alat tulis untuk dosen""},{""id"":""responsibility_3"",""value"":""Mengelola absensi dosen""},{""id"":""responsibility_4"",""value"":""Menginput jadwal perkuliahan""},{""id"":""responsibility_5"",""value"":""Menggandakan dan mendistribusikan soal ujian""}]","[{""id"":""requirement_1"",""value"":""Minimal lulusan D3 Administrasi atau bidang terkait""},{""id"":""requirement_2"",""value"":""Menguasai Microsoft Office (Word, Excel, PowerPoint)""},{""id"":""requirement_3"",""value"":""Mampu bekerja secara mandiri maupun tim""},{""id"":""requirement_4"",""value"":""Berpengalaman di bidang administrasi menjadi nilai tambah""}]","[{""id"":""qualification_1"",""value"":""Teliti, disiplin, dan mampu bekerja sesuai prosedur administrasi""},{""id"":""qualification_2"",""value"":""Memiliki kemampuan komunikasi yang baik""},{""id"":""qualification_3"",""value"":""Dapat mengatur waktu dan prioritas pekerjaan dengan efektif""}]","[{""id"":""required_skill_1"",""value"":""Microsoft Excel dan Word tingkat menengah""},{""id"":""required_skill_2"",""value"":""Kemampuan mengetik cepat dan akurat""},{""id"":""required_skill_3"",""value"":""Kemampuan mengarsipkan dokumen dengan rapi""}]","[{""id"":""preferred_skill_1"",""value"":""Pengalaman menggunakan sistem informasi akademik (SIAKAD)""},{""id"":""preferred_skill_2"",""value"":""Memahami proses administrasi pendidikan tinggi""},{""id"":""preferred_skill_3"",""value"":""Mampu membuat laporan administrasi sederhana""}]","Apa rencana pengembangan ke depannya apabila Anda diterima dalam posisi ini?","rencana pengembangan saya kedepannya adalah dengan terus meningkatkan kemampuan saya dibidang administrasi baik secara hard skill ataupun soft skill untuk menambah wawasan dan meningkatkan kualitas kerja saya",0.15,"[""qualification_3"",""preferred_skill_1""]",1
019a1979-e4bd-7283-a420-703a2f9dfb7f,019a1b00-6f8e-7203-b47e-a026f8d40eaf,335c8997-2285-4e51-87b4-cc0bb8075ae8,019a1b00-6f90-7267-9b37-6cd788bb35fe,bc001aa7-ffa9-41fb-80be-f712e33bf300,"Staf Administrasi Biro Pembelajaran","Kami mencari Staf Administrasi yang teliti dan memiliki kemampuan komunikasi yang baik untuk mendukung operasional harian Biro Pembelajaran.","[{""id"":""responsibility_1"",""value"":""Mengelola data yudisium dan menerbitkan ijazah""},{""id"":""responsibility_2"",""value"":""Menyiapkan alat tulis untuk dosen""},{""id"":""responsibility_3"",""value"":""Mengelola absensi dosen""},{""id"":""responsibility_4"",""value"":""Menginput jadwal perkuliahan""},{""id"":""responsibility_5"",""value"":""Menggandakan dan mendistribusikan soal ujian""}]","[{""id"":""requirement_1"",""value"":""Minimal lulusan D3 Administrasi atau bidang terkait""},{""id"":""requirement_2"",""value"":""Menguasai Microsoft Office (Word, Excel, PowerPoint)""},{""id"":""requirement_3"",""value"":""Mampu bekerja secara mandiri maupun tim""},{""id"":""requirement_4"",""value"":""Berpengalaman di bidang administrasi menjadi nilai tambah""}]","[{""id"":""qualification_1"",""value"":""Teliti, disiplin, dan mampu bekerja sesuai prosedur administrasi""},{""id"":""qualification_2"",""value"":""Memiliki kemampuan komunikasi yang baik""},{""id"":""qualification_3"",""value"":""Dapat mengatur waktu dan prioritas pekerjaan dengan efektif""}]","[{""id"":""required_skill_1"",""value"":""Microsoft Excel dan Word tingkat menengah""},{""id"":""required_skill_2"",""value"":""Kemampuan mengetik cepat dan akurat""},{""id"":""required_skill_3"",""value"":""Kemampuan mengarsipkan dokumen dengan rapi""}]","[{""id"":""preferred_skill_1"",""value"":""Pengalaman menggunakan sistem informasi akademik (SIAKAD)""},{""id"":""preferred_skill_2"",""value"":""Memahami proses administrasi pendidikan tinggi""},{""id"":""preferred_skill_3"",""value"":""Mampu membuat laporan administrasi sederhana""}]","Jika Anda diterima, apa yang Anda butuhkan dari Biro Sumber Daya Manusia untuk mengembangkan diri Anda?","Jika saya diterima, saya harap Biro Sumber Daya Manusia bisa memberikan dukungan seperti mengadakan pelatihan yang relevan sebagai posisi staff administrasi, selain itu saya juga berharap bisa mendapatkan bimbingan atau evaluasi secara berkala. Dengan dukungan seperti itu, saya yakin bisa berkembang lebih baik dan memberikan kontribusi yang maksimal   ",0.15,"[""qualification_1"",""required_skill_1""]",1
019a1979-e585-70ee-9be9-5907f45d1b0e,019a1b00-7054-70d4-9e5d-cc0e76396679,6adb1eeb-8c7f-47b2-aa46-6d0b0be41704,019a1b00-7055-704f-848b-3d8a2e829b79,bc001aa7-ffa9-41fb-80be-f712e33bf300,"Staf Administrasi Biro Pembelajaran","Kami mencari Staf Administrasi yang teliti dan memiliki kemampuan komunikasi yang baik untuk mendukung operasional harian Biro Pembelajaran.","[{""id"":""responsibility_1"",""value"":""Mengelola data yudisium dan menerbitkan ijazah""},{""id"":""responsibility_2"",""value"":""Menyiapkan alat tulis untuk dosen""},{""id"":""responsibility_3"",""value"":""Mengelola absensi dosen""},{""id"":""responsibility_4"",""value"":""Menginput jadwal perkuliahan""},{""id"":""responsibility_5"",""value"":""Menggandakan dan mendistribusikan soal ujian""}]","[{""id"":""requirement_1"",""value"":""Minimal lulusan D3 Administrasi atau bidang terkait""},{""id"":""requirement_2"",""value"":""Menguasai Microsoft Office (Word, Excel, PowerPoint)""},{""id"":""requirement_3"",""value"":""Mampu bekerja secara mandiri maupun tim""},{""id"":""requirement_4"",""value"":""Berpengalaman di bidang administrasi menjadi nilai tambah""}]","[{""id"":""qualification_1"",""value"":""Teliti, disiplin, dan mampu bekerja sesuai prosedur administrasi""},{""id"":""qualification_2"",""value"":""Memiliki kemampuan komunikasi yang baik""},{""id"":""qualification_3"",""value"":""Dapat mengatur waktu dan prioritas pekerjaan dengan efektif""}]","[{""id"":""required_skill_1"",""value"":""Microsoft Excel dan Word tingkat menengah""},{""id"":""required_skill_2"",""value"":""Kemampuan mengetik cepat dan akurat""},{""id"":""required_skill_3"",""value"":""Kemampuan mengarsipkan dokumen dengan rapi""}]","[{""id"":""preferred_skill_1"",""value"":""Pengalaman menggunakan sistem informasi akademik (SIAKAD)""},{""id"":""preferred_skill_2"",""value"":""Memahami proses administrasi pendidikan tinggi""},{""id"":""preferred_skill_3"",""value"":""Mampu membuat laporan administrasi sederhana""}]","Ceritakan pengalaman kerja terdahulu. Anda boleh menceritakan relevansi pengalaman kerja dulu dengan lowongan kerja yang Bapak/Ibu lamar.","Saat ini saya sedang bekerja sebagai staff penerimaan mahasiswa baru. Untuk pekerjaannya meliputi data administrasi calon mahasiswa baru. Serta melayani tamu calon mahasiswa baru yang ingin mendaftar di Universitas Muhammadiyah Jakarta",0.3,"[""requirement_4"",""preferred_skill_3""]",1
019a1979-e585-70ee-9be9-5907f45d1b0e,019a1b00-7054-70d4-9e5d-cc0e76396679,34fdae11-e199-4b82-b3af-4bc2f7b4d9cb,019a1b00-7056-72ae-ac83-8a579edbee8c,bc001aa7-ffa9-41fb-80be-f712e33bf300,"Staf Administrasi Biro Pembelajaran","Kami mencari Staf Administrasi yang teliti dan memiliki kemampuan komunikasi yang baik untuk mendukung operasional harian Biro Pembelajaran.","[{""id"":""responsibility_1"",""value"":""Mengelola data yudisium dan menerbitkan ijazah""},{""id"":""responsibility_2"",""value"":""Menyiapkan alat tulis untuk dosen""},{""id"":""responsibility_3"",""value"":""Mengelola absensi dosen""},{""id"":""responsibility_4"",""value"":""Menginput jadwal perkuliahan""},{""id"":""responsibility_5"",""value"":""Menggandakan dan mendistribusikan soal ujian""}]","[{""id"":""requirement_1"",""value"":""Minimal lulusan D3 Administrasi atau bidang terkait""},{""id"":""requirement_2"",""value"":""Menguasai Microsoft Office (Word, Excel, PowerPoint)""},{""id"":""requirement_3"",""value"":""Mampu bekerja secara mandiri maupun tim""},{""id"":""requirement_4"",""value"":""Berpengalaman di bidang administrasi menjadi nilai tambah""}]","[{""id"":""qualification_1"",""value"":""Teliti, disiplin, dan mampu bekerja sesuai prosedur administrasi""},{""id"":""qualification_2"",""value"":""Memiliki kemampuan komunikasi yang baik""},{""id"":""qualification_3"",""value"":""Dapat mengatur waktu dan prioritas pekerjaan dengan efektif""}]","[{""id"":""required_skill_1"",""value"":""Microsoft Excel dan Word tingkat menengah""},{""id"":""required_skill_2"",""value"":""Kemampuan mengetik cepat dan akurat""},{""id"":""required_skill_3"",""value"":""Kemampuan mengarsipkan dokumen dengan rapi""}]","[{""id"":""preferred_skill_1"",""value"":""Pengalaman menggunakan sistem informasi akademik (SIAKAD)""},{""id"":""preferred_skill_2"",""value"":""Memahami proses administrasi pendidikan tinggi""},{""id"":""preferred_skill_3"",""value"":""Mampu membuat laporan administrasi sederhana""}]","Apa motivasi Bapak/Ibu untuk bekerja di Universitas Trilogi?","Saya ingin mencari relasi yang lebih banyak dan mencari pekerjaan yang lebih baik lagi",0.2,"[""qualification_2"",""qualification_3""]",1
019a1979-e585-70ee-9be9-5907f45d1b0e,019a1b00-7054-70d4-9e5d-cc0e76396679,e5531ee9-5dc4-4408-aee0-6a896f69c434,019a1b00-7056-72ae-ac83-8a579fbf0959,bc001aa7-ffa9-41fb-80be-f712e33bf300,"Staf Administrasi Biro Pembelajaran","Kami mencari Staf Administrasi yang teliti dan memiliki kemampuan komunikasi yang baik untuk mendukung operasional harian Biro Pembelajaran.","[{""id"":""responsibility_1"",""value"":""Mengelola data yudisium dan menerbitkan ijazah""},{""id"":""responsibility_2"",""value"":""Menyiapkan alat tulis untuk dosen""},{""id"":""responsibility_3"",""value"":""Mengelola absensi dosen""},{""id"":""responsibility_4"",""value"":""Menginput jadwal perkuliahan""},{""id"":""responsibility_5"",""value"":""Menggandakan dan mendistribusikan soal ujian""}]","[{""id"":""requirement_1"",""value"":""Minimal lulusan D3 Administrasi atau bidang terkait""},{""id"":""requirement_2"",""value"":""Menguasai Microsoft Office (Word, Excel, PowerPoint)""},{""id"":""requirement_3"",""value"":""Mampu bekerja secara mandiri maupun tim""},{""id"":""requirement_4"",""value"":""Berpengalaman di bidang administrasi menjadi nilai tambah""}]","[{""id"":""qualification_1"",""value"":""Teliti, disiplin, dan mampu bekerja sesuai prosedur administrasi""},{""id"":""qualification_2"",""value"":""Memiliki kemampuan komunikasi yang baik""},{""id"":""qualification_3"",""value"":""Dapat mengatur waktu dan prioritas pekerjaan dengan efektif""}]","[{""id"":""required_skill_1"",""value"":""Microsoft Excel dan Word tingkat menengah""},{""id"":""required_skill_2"",""value"":""Kemampuan mengetik cepat dan akurat""},{""id"":""required_skill_3"",""value"":""Kemampuan mengarsipkan dokumen dengan rapi""}]","[{""id"":""preferred_skill_1"",""value"":""Pengalaman menggunakan sistem informasi akademik (SIAKAD)""},{""id"":""preferred_skill_2"",""value"":""Memahami proses administrasi pendidikan tinggi""},{""id"":""preferred_skill_3"",""value"":""Mampu membuat laporan administrasi sederhana""}]","Apa yang Bapak/Ibu ketahui tentang posisi ini?","Mengurus administrasi perkuliahaan baik dari mahasiswa dosen ataupun administrasi lainnya",0.2,"[""responsibility_1"",""responsibility_4""]",1
019a1979-e585-70ee-9be9-5907f45d1b0e,019a1b00-7054-70d4-9e5d-cc0e76396679,de90a53e-edd6-465d-8c24-488480f93d64,019a1b00-7056-72ae-ac83-8a57a056b1dc,bc001aa7-ffa9-41fb-80be-f712e33bf300,"Staf Administrasi Biro Pembelajaran","Kami mencari Staf Administrasi yang teliti dan memiliki kemampuan komunikasi yang baik untuk mendukung operasional harian Biro Pembelajaran.","[{""id"":""responsibility_1"",""value"":""Mengelola data yudisium dan menerbitkan ijazah""},{""id"":""responsibility_2"",""value"":""Menyiapkan alat tulis untuk dosen""},{""id"":""responsibility_3"",""value"":""Mengelola absensi dosen""},{""id"":""responsibility_4"",""value"":""Menginput jadwal perkuliahan""},{""id"":""responsibility_5"",""value"":""Menggandakan dan mendistribusikan soal ujian""}]","[{""id"":""requirement_1"",""value"":""Minimal lulusan D3 Administrasi atau bidang terkait""},{""id"":""requirement_2"",""value"":""Menguasai Microsoft Office (Word, Excel, PowerPoint)""},{""id"":""requirement_3"",""value"":""Mampu bekerja secara mandiri maupun tim""},{""id"":""requirement_4"",""value"":""Berpengalaman di bidang administrasi menjadi nilai tambah""}]","[{""id"":""qualification_1"",""value"":""Teliti, disiplin, dan mampu bekerja sesuai prosedur administrasi""},{""id"":""qualification_2"",""value"":""Memiliki kemampuan komunikasi yang baik""},{""id"":""qualification_3"",""value"":""Dapat mengatur waktu dan prioritas pekerjaan dengan efektif""}]","[{""id"":""required_skill_1"",""value"":""Microsoft Excel dan Word tingkat menengah""},{""id"":""required_skill_2"",""value"":""Kemampuan mengetik cepat dan akurat""},{""id"":""required_skill_3"",""value"":""Kemampuan mengarsipkan dokumen dengan rapi""}]","[{""id"":""preferred_skill_1"",""value"":""Pengalaman menggunakan sistem informasi akademik (SIAKAD)""},{""id"":""preferred_skill_2"",""value"":""Memahami proses administrasi pendidikan tinggi""},{""id"":""preferred_skill_3"",""value"":""Mampu membuat laporan administrasi sederhana""}]","Apa rencana pengembangan ke depannya apabila Anda diterima dalam posisi ini?","Ingin berkontribusi yang baik bagi perusahaan universitas trilogi",0.15,"[""qualification_3"",""preferred_skill_1""]",1
019a1979-e585-70ee-9be9-5907f45d1b0e,019a1b00-7054-70d4-9e5d-cc0e76396679,335c8997-2285-4e51-87b4-cc0bb8075ae8,019a1b00-7056-72ae-ac83-8a57a096a0a2,bc001aa7-ffa9-41fb-80be-f712e33bf300,"Staf Administrasi Biro Pembelajaran","Kami mencari Staf Administrasi yang teliti dan memiliki kemampuan komunikasi yang baik untuk mendukung operasional harian Biro Pembelajaran.","[{""id"":""responsibility_1"",""value"":""Mengelola data yudisium dan menerbitkan ijazah""},{""id"":""responsibility_2"",""value"":""Menyiapkan alat tulis untuk dosen""},{""id"":""responsibility_3"",""value"":""Mengelola absensi dosen""},{""id"":""responsibility_4"",""value"":""Menginput jadwal perkuliahan""},{""id"":""responsibility_5"",""value"":""Menggandakan dan mendistribusikan soal ujian""}]","[{""id"":""requirement_1"",""value"":""Minimal lulusan D3 Administrasi atau bidang terkait""},{""id"":""requirement_2"",""value"":""Menguasai Microsoft Office (Word, Excel, PowerPoint)""},{""id"":""requirement_3"",""value"":""Mampu bekerja secara mandiri maupun tim""},{""id"":""requirement_4"",""value"":""Berpengalaman di bidang administrasi menjadi nilai tambah""}]","[{""id"":""qualification_1"",""value"":""Teliti, disiplin, dan mampu bekerja sesuai prosedur administrasi""},{""id"":""qualification_2"",""value"":""Memiliki kemampuan komunikasi yang baik""},{""id"":""qualification_3"",""value"":""Dapat mengatur waktu dan prioritas pekerjaan dengan efektif""}]","[{""id"":""required_skill_1"",""value"":""Microsoft Excel dan Word tingkat menengah""},{""id"":""required_skill_2"",""value"":""Kemampuan mengetik cepat dan akurat""},{""id"":""required_skill_3"",""value"":""Kemampuan mengarsipkan dokumen dengan rapi""}]","[{""id"":""preferred_skill_1"",""value"":""Pengalaman menggunakan sistem informasi akademik (SIAKAD)""},{""id"":""preferred_skill_2"",""value"":""Memahami proses administrasi pendidikan tinggi""},{""id"":""preferred_skill_3"",""value"":""Mampu membuat laporan administrasi sederhana""}]","Jika Anda diterima, apa yang Anda butuhkan dari Biro Sumber Daya Manusia untuk mengembangkan diri Anda?","Akses ke dara dan informasi terbaru. Mekanisme ympab balik (feedback) yang terstruktur. Lingkungan yang mendukung eksperimen dan kolaborasi",0.15,"[""qualification_1"",""required_skill_1""]",1
019a1979-e651-71ba-bdae-cac9632045d3,019a1b00-711c-72c8-b760-7a37aba8fe89,6adb1eeb-8c7f-47b2-aa46-6d0b0be41704,019a1b00-711c-72c8-b760-7a37ad18591b,bc001aa7-ffa9-41fb-80be-f712e33bf300,"Staf Administrasi Biro Pembelajaran","Kami mencari Staf Administrasi yang teliti dan memiliki kemampuan komunikasi yang baik untuk mendukung operasional harian Biro Pembelajaran.","[{""id"":""responsibility_1"",""value"":""Mengelola data yudisium dan menerbitkan ijazah""},{""id"":""responsibility_2"",""value"":""Menyiapkan alat tulis untuk dosen""},{""id"":""responsibility_3"",""value"":""Mengelola absensi dosen""},{""id"":""responsibility_4"",""value"":""Menginput jadwal perkuliahan""},{""id"":""responsibility_5"",""value"":""Menggandakan dan mendistribusikan soal ujian""}]","[{""id"":""requirement_1"",""value"":""Minimal lulusan D3 Administrasi atau bidang terkait""},{""id"":""requirement_2"",""value"":""Menguasai Microsoft Office (Word, Excel, PowerPoint)""},{""id"":""requirement_3"",""value"":""Mampu bekerja secara mandiri maupun tim""},{""id"":""requirement_4"",""value"":""Berpengalaman di bidang administrasi menjadi nilai tambah""}]","[{""id"":""qualification_1"",""value"":""Teliti, disiplin, dan mampu bekerja sesuai prosedur administrasi""},{""id"":""qualification_2"",""value"":""Memiliki kemampuan komunikasi yang baik""},{""id"":""qualification_3"",""value"":""Dapat mengatur waktu dan prioritas pekerjaan dengan efektif""}]","[{""id"":""required_skill_1"",""value"":""Microsoft Excel dan Word tingkat menengah""},{""id"":""required_skill_2"",""value"":""Kemampuan mengetik cepat dan akurat""},{""id"":""required_skill_3"",""value"":""Kemampuan mengarsipkan dokumen dengan rapi""}]","[{""id"":""preferred_skill_1"",""value"":""Pengalaman menggunakan sistem informasi akademik (SIAKAD)""},{""id"":""preferred_skill_2"",""value"":""Memahami proses administrasi pendidikan tinggi""},{""id"":""preferred_skill_3"",""value"":""Mampu membuat laporan administrasi sederhana""}]","Ceritakan pengalaman kerja terdahulu. Anda boleh menceritakan relevansi pengalaman kerja dulu dengan lowongan kerja yang Bapak/Ibu lamar.","Pengalaman bekerja saya terdahulu adalah menjadi karyawan kontrak scanner rekam medis Meskipun pekerjaan sebagai scanner rekam medis lebih terfokus pada pengelolaan data medis, keterampilan yang dikembangkan dalam peran tersebut dapat diterapkan dalam biro administrasi pembelajaran, terutama dalam hal pengelolaan data, pengarsipan, pengoperasian teknologi, dan menjaga kerahasiaan informasi. Dengan kemampuan untuk mengelola data secara efektif dan efisien,saya akan dapat mendukung proses administratif di lingkungan pendidikan dengan lebih baik.",0.3,"[""requirement_4"",""preferred_skill_3""]",1
019a1979-e651-71ba-bdae-cac9632045d3,019a1b00-711c-72c8-b760-7a37aba8fe89,34fdae11-e199-4b82-b3af-4bc2f7b4d9cb,019a1b00-711d-726f-b649-1c441e853e0b,bc001aa7-ffa9-41fb-80be-f712e33bf300,"Staf Administrasi Biro Pembelajaran","Kami mencari Staf Administrasi yang teliti dan memiliki kemampuan komunikasi yang baik untuk mendukung operasional harian Biro Pembelajaran.","[{""id"":""responsibility_1"",""value"":""Mengelola data yudisium dan menerbitkan ijazah""},{""id"":""responsibility_2"",""value"":""Menyiapkan alat tulis untuk dosen""},{""id"":""responsibility_3"",""value"":""Mengelola absensi dosen""},{""id"":""responsibility_4"",""value"":""Menginput jadwal perkuliahan""},{""id"":""responsibility_5"",""value"":""Menggandakan dan mendistribusikan soal ujian""}]","[{""id"":""requirement_1"",""value"":""Minimal lulusan D3 Administrasi atau bidang terkait""},{""id"":""requirement_2"",""value"":""Menguasai Microsoft Office (Word, Excel, PowerPoint)""},{""id"":""requirement_3"",""value"":""Mampu bekerja secara mandiri maupun tim""},{""id"":""requirement_4"",""value"":""Berpengalaman di bidang administrasi menjadi nilai tambah""}]","[{""id"":""qualification_1"",""value"":""Teliti, disiplin, dan mampu bekerja sesuai prosedur administrasi""},{""id"":""qualification_2"",""value"":""Memiliki kemampuan komunikasi yang baik""},{""id"":""qualification_3"",""value"":""Dapat mengatur waktu dan prioritas pekerjaan dengan efektif""}]","[{""id"":""required_skill_1"",""value"":""Microsoft Excel dan Word tingkat menengah""},{""id"":""required_skill_2"",""value"":""Kemampuan mengetik cepat dan akurat""},{""id"":""required_skill_3"",""value"":""Kemampuan mengarsipkan dokumen dengan rapi""}]","[{""id"":""preferred_skill_1"",""value"":""Pengalaman menggunakan sistem informasi akademik (SIAKAD)""},{""id"":""preferred_skill_2"",""value"":""Memahami proses administrasi pendidikan tinggi""},{""id"":""preferred_skill_3"",""value"":""Mampu membuat laporan administrasi sederhana""}]","Apa motivasi Bapak/Ibu untuk bekerja di Universitas Trilogi?","Saya melihat Universitas Trilogi sebagai tempat yang mendukung pertumbuhan pribadi dan profesional, dan saya ingin menjadi bagian dari perjalanan institusi ini dalam mencetak generasi penerus yang siap bersaing secara global, namun tetap menjunjung tinggi nilai-nilai kebangsaan dan etika yang kuat.
Selain itu, saya juga tertarik dengan kesempatan untuk berkontribusi dalam lingkungan akademik yang terus berkembang, di mana saya bisa mengaplikasikan pengalaman saya dalam administrasi, serta belajar dan berkembang bersama tim yang solid. Saya percaya bahwa bekerja di Universitas Trilogi akan memberi saya peluang untuk memberikan kontribusi nyata dalam mendukung misi universitas.",0.2,"[""qualification_2"",""qualification_3""]",1
019a1979-e651-71ba-bdae-cac9632045d3,019a1b00-711c-72c8-b760-7a37aba8fe89,e5531ee9-5dc4-4408-aee0-6a896f69c434,019a1b00-711d-726f-b649-1c441e8a6164,bc001aa7-ffa9-41fb-80be-f712e33bf300,"Staf Administrasi Biro Pembelajaran","Kami mencari Staf Administrasi yang teliti dan memiliki kemampuan komunikasi yang baik untuk mendukung operasional harian Biro Pembelajaran.","[{""id"":""responsibility_1"",""value"":""Mengelola data yudisium dan menerbitkan ijazah""},{""id"":""responsibility_2"",""value"":""Menyiapkan alat tulis untuk dosen""},{""id"":""responsibility_3"",""value"":""Mengelola absensi dosen""},{""id"":""responsibility_4"",""value"":""Menginput jadwal perkuliahan""},{""id"":""responsibility_5"",""value"":""Menggandakan dan mendistribusikan soal ujian""}]","[{""id"":""requirement_1"",""value"":""Minimal lulusan D3 Administrasi atau bidang terkait""},{""id"":""requirement_2"",""value"":""Menguasai Microsoft Office (Word, Excel, PowerPoint)""},{""id"":""requirement_3"",""value"":""Mampu bekerja secara mandiri maupun tim""},{""id"":""requirement_4"",""value"":""Berpengalaman di bidang administrasi menjadi nilai tambah""}]","[{""id"":""qualification_1"",""value"":""Teliti, disiplin, dan mampu bekerja sesuai prosedur administrasi""},{""id"":""qualification_2"",""value"":""Memiliki kemampuan komunikasi yang baik""},{""id"":""qualification_3"",""value"":""Dapat mengatur waktu dan prioritas pekerjaan dengan efektif""}]","[{""id"":""required_skill_1"",""value"":""Microsoft Excel dan Word tingkat menengah""},{""id"":""required_skill_2"",""value"":""Kemampuan mengetik cepat dan akurat""},{""id"":""required_skill_3"",""value"":""Kemampuan mengarsipkan dokumen dengan rapi""}]","[{""id"":""preferred_skill_1"",""value"":""Pengalaman menggunakan sistem informasi akademik (SIAKAD)""},{""id"":""preferred_skill_2"",""value"":""Memahami proses administrasi pendidikan tinggi""},{""id"":""preferred_skill_3"",""value"":""Mampu membuat laporan administrasi sederhana""}]","Apa yang Bapak/Ibu ketahui tentang posisi ini?","Posisi biro administrasi pembelajaran memiliki peran yang sangat penting dalam mendukung kelancaran proses administrasi akademik di sebuah institusi pendidikan. Tugas utamanya mencakup pengelolaan berbagai dokumen administratif terkait pembelajaran, mulai dari pendaftaran mahasiswa, penyusunan jadwal kuliah, pengelolaan ujian, hingga pengarsipan nilai dan transkrip akademik.",0.2,"[""responsibility_1"",""responsibility_4""]",1
019a1979-e651-71ba-bdae-cac9632045d3,019a1b00-711c-72c8-b760-7a37aba8fe89,de90a53e-edd6-465d-8c24-488480f93d64,019a1b00-711d-726f-b649-1c441eedb96b,bc001aa7-ffa9-41fb-80be-f712e33bf300,"Staf Administrasi Biro Pembelajaran","Kami mencari Staf Administrasi yang teliti dan memiliki kemampuan komunikasi yang baik untuk mendukung operasional harian Biro Pembelajaran.","[{""id"":""responsibility_1"",""value"":""Mengelola data yudisium dan menerbitkan ijazah""},{""id"":""responsibility_2"",""value"":""Menyiapkan alat tulis untuk dosen""},{""id"":""responsibility_3"",""value"":""Mengelola absensi dosen""},{""id"":""responsibility_4"",""value"":""Menginput jadwal perkuliahan""},{""id"":""responsibility_5"",""value"":""Menggandakan dan mendistribusikan soal ujian""}]","[{""id"":""requirement_1"",""value"":""Minimal lulusan D3 Administrasi atau bidang terkait""},{""id"":""requirement_2"",""value"":""Menguasai Microsoft Office (Word, Excel, PowerPoint)""},{""id"":""requirement_3"",""value"":""Mampu bekerja secara mandiri maupun tim""},{""id"":""requirement_4"",""value"":""Berpengalaman di bidang administrasi menjadi nilai tambah""}]","[{""id"":""qualification_1"",""value"":""Teliti, disiplin, dan mampu bekerja sesuai prosedur administrasi""},{""id"":""qualification_2"",""value"":""Memiliki kemampuan komunikasi yang baik""},{""id"":""qualification_3"",""value"":""Dapat mengatur waktu dan prioritas pekerjaan dengan efektif""}]","[{""id"":""required_skill_1"",""value"":""Microsoft Excel dan Word tingkat menengah""},{""id"":""required_skill_2"",""value"":""Kemampuan mengetik cepat dan akurat""},{""id"":""required_skill_3"",""value"":""Kemampuan mengarsipkan dokumen dengan rapi""}]","[{""id"":""preferred_skill_1"",""value"":""Pengalaman menggunakan sistem informasi akademik (SIAKAD)""},{""id"":""preferred_skill_2"",""value"":""Memahami proses administrasi pendidikan tinggi""},{""id"":""preferred_skill_3"",""value"":""Mampu membuat laporan administrasi sederhana""}]","Apa rencana pengembangan ke depannya apabila Anda diterima dalam posisi ini?"," pengembangan yang saya rencanakan berfokus pada peningkatan efisiensi, penggunaan teknologi, serta pengembangan keterampilan tim. Saya percaya bahwa hal ini akan memberi dampak positif bagi kualitas administrasi pembelajaran di universitas, serta mendukung tercapainya visi dan misi universitas secara keseluruhan.",0.15,"[""qualification_3"",""preferred_skill_1""]",1
019a1979-e651-71ba-bdae-cac9632045d3,019a1b00-711c-72c8-b760-7a37aba8fe89,335c8997-2285-4e51-87b4-cc0bb8075ae8,019a1b00-711e-733f-b7c9-ca8003638b6e,bc001aa7-ffa9-41fb-80be-f712e33bf300,"Staf Administrasi Biro Pembelajaran","Kami mencari Staf Administrasi yang teliti dan memiliki kemampuan komunikasi yang baik untuk mendukung operasional harian Biro Pembelajaran.","[{""id"":""responsibility_1"",""value"":""Mengelola data yudisium dan menerbitkan ijazah""},{""id"":""responsibility_2"",""value"":""Menyiapkan alat tulis untuk dosen""},{""id"":""responsibility_3"",""value"":""Mengelola absensi dosen""},{""id"":""responsibility_4"",""value"":""Menginput jadwal perkuliahan""},{""id"":""responsibility_5"",""value"":""Menggandakan dan mendistribusikan soal ujian""}]","[{""id"":""requirement_1"",""value"":""Minimal lulusan D3 Administrasi atau bidang terkait""},{""id"":""requirement_2"",""value"":""Menguasai Microsoft Office (Word, Excel, PowerPoint)""},{""id"":""requirement_3"",""value"":""Mampu bekerja secara mandiri maupun tim""},{""id"":""requirement_4"",""value"":""Berpengalaman di bidang administrasi menjadi nilai tambah""}]","[{""id"":""qualification_1"",""value"":""Teliti, disiplin, dan mampu bekerja sesuai prosedur administrasi""},{""id"":""qualification_2"",""value"":""Memiliki kemampuan komunikasi yang baik""},{""id"":""qualification_3"",""value"":""Dapat mengatur waktu dan prioritas pekerjaan dengan efektif""}]","[{""id"":""required_skill_1"",""value"":""Microsoft Excel dan Word tingkat menengah""},{""id"":""required_skill_2"",""value"":""Kemampuan mengetik cepat dan akurat""},{""id"":""required_skill_3"",""value"":""Kemampuan mengarsipkan dokumen dengan rapi""}]","[{""id"":""preferred_skill_1"",""value"":""Pengalaman menggunakan sistem informasi akademik (SIAKAD)""},{""id"":""preferred_skill_2"",""value"":""Memahami proses administrasi pendidikan tinggi""},{""id"":""preferred_skill_3"",""value"":""Mampu membuat laporan administrasi sederhana""}]","Jika Anda diterima, apa yang Anda butuhkan dari Biro Sumber Daya Manusia untuk mengembangkan diri Anda?","saya percaya bahwa dukungan dari Biro SDM dalam hal pelatihan, mentoring, evaluasi kinerja, serta kesempatan pengembangan karier akan sangat membantu saya untuk terus tumbuh dan memberikan kontribusi yang maksimal dalam posisi saya. Saya berkomitmen untuk terus belajar dan berkembang, dan dukungan dari Biro SDM sangat penting untuk mencapai itu.",0.15,"[""qualification_1"",""required_skill_1""]",1
019a1979-e718-7165-b67a-7cb8acf3075c,019a1b00-71e3-704b-b67f-b098949baaf7,6adb1eeb-8c7f-47b2-aa46-6d0b0be41704,019a1b00-71e4-73ea-8da1-db0e98ebba57,bc001aa7-ffa9-41fb-80be-f712e33bf300,"Staf Administrasi Biro Pembelajaran","Kami mencari Staf Administrasi yang teliti dan memiliki kemampuan komunikasi yang baik untuk mendukung operasional harian Biro Pembelajaran.","[{""id"":""responsibility_1"",""value"":""Mengelola data yudisium dan menerbitkan ijazah""},{""id"":""responsibility_2"",""value"":""Menyiapkan alat tulis untuk dosen""},{""id"":""responsibility_3"",""value"":""Mengelola absensi dosen""},{""id"":""responsibility_4"",""value"":""Menginput jadwal perkuliahan""},{""id"":""responsibility_5"",""value"":""Menggandakan dan mendistribusikan soal ujian""}]","[{""id"":""requirement_1"",""value"":""Minimal lulusan D3 Administrasi atau bidang terkait""},{""id"":""requirement_2"",""value"":""Menguasai Microsoft Office (Word, Excel, PowerPoint)""},{""id"":""requirement_3"",""value"":""Mampu bekerja secara mandiri maupun tim""},{""id"":""requirement_4"",""value"":""Berpengalaman di bidang administrasi menjadi nilai tambah""}]","[{""id"":""qualification_1"",""value"":""Teliti, disiplin, dan mampu bekerja sesuai prosedur administrasi""},{""id"":""qualification_2"",""value"":""Memiliki kemampuan komunikasi yang baik""},{""id"":""qualification_3"",""value"":""Dapat mengatur waktu dan prioritas pekerjaan dengan efektif""}]","[{""id"":""required_skill_1"",""value"":""Microsoft Excel dan Word tingkat menengah""},{""id"":""required_skill_2"",""value"":""Kemampuan mengetik cepat dan akurat""},{""id"":""required_skill_3"",""value"":""Kemampuan mengarsipkan dokumen dengan rapi""}]","[{""id"":""preferred_skill_1"",""value"":""Pengalaman menggunakan sistem informasi akademik (SIAKAD)""},{""id"":""preferred_skill_2"",""value"":""Memahami proses administrasi pendidikan tinggi""},{""id"":""preferred_skill_3"",""value"":""Mampu membuat laporan administrasi sederhana""}]","Ceritakan pengalaman kerja terdahulu. Anda boleh menceritakan relevansi pengalaman kerja dulu dengan lowongan kerja yang Bapak/Ibu lamar.","Saya berpengalaman sebagai administrasi staff (part time) di bidang pendidikan TPA BAITUL HIKMAH selama 3 tahun. Saya dipercaya untuk meliput laporan operasional dan laporan pengeluaran spp sekolah. Saya juga berpengalaman sebagai Marketing Intern di Summarecon Agung Tbk, yang dipercaya untuk merekap dokumen, laporan kegiatan penjualan, laporan kegiatan event dan terlibat langsung dalam pembuatan campaign",0.3,"[""requirement_4"",""preferred_skill_3""]",1
019a1979-e718-7165-b67a-7cb8acf3075c,019a1b00-71e3-704b-b67f-b098949baaf7,34fdae11-e199-4b82-b3af-4bc2f7b4d9cb,019a1b00-71e4-73ea-8da1-db0e99de2931,bc001aa7-ffa9-41fb-80be-f712e33bf300,"Staf Administrasi Biro Pembelajaran","Kami mencari Staf Administrasi yang teliti dan memiliki kemampuan komunikasi yang baik untuk mendukung operasional harian Biro Pembelajaran.","[{""id"":""responsibility_1"",""value"":""Mengelola data yudisium dan menerbitkan ijazah""},{""id"":""responsibility_2"",""value"":""Menyiapkan alat tulis untuk dosen""},{""id"":""responsibility_3"",""value"":""Mengelola absensi dosen""},{""id"":""responsibility_4"",""value"":""Menginput jadwal perkuliahan""},{""id"":""responsibility_5"",""value"":""Menggandakan dan mendistribusikan soal ujian""}]","[{""id"":""requirement_1"",""value"":""Minimal lulusan D3 Administrasi atau bidang terkait""},{""id"":""requirement_2"",""value"":""Menguasai Microsoft Office (Word, Excel, PowerPoint)""},{""id"":""requirement_3"",""value"":""Mampu bekerja secara mandiri maupun tim""},{""id"":""requirement_4"",""value"":""Berpengalaman di bidang administrasi menjadi nilai tambah""}]","[{""id"":""qualification_1"",""value"":""Teliti, disiplin, dan mampu bekerja sesuai prosedur administrasi""},{""id"":""qualification_2"",""value"":""Memiliki kemampuan komunikasi yang baik""},{""id"":""qualification_3"",""value"":""Dapat mengatur waktu dan prioritas pekerjaan dengan efektif""}]","[{""id"":""required_skill_1"",""value"":""Microsoft Excel dan Word tingkat menengah""},{""id"":""required_skill_2"",""value"":""Kemampuan mengetik cepat dan akurat""},{""id"":""required_skill_3"",""value"":""Kemampuan mengarsipkan dokumen dengan rapi""}]","[{""id"":""preferred_skill_1"",""value"":""Pengalaman menggunakan sistem informasi akademik (SIAKAD)""},{""id"":""preferred_skill_2"",""value"":""Memahami proses administrasi pendidikan tinggi""},{""id"":""preferred_skill_3"",""value"":""Mampu membuat laporan administrasi sederhana""}]","Apa motivasi Bapak/Ibu untuk bekerja di Universitas Trilogi?","Saya ingin mencari batu loncatan setidaknya untuk tahun-tahun berikutnya dalan karir saya",0.2,"[""qualification_2"",""qualification_3""]",1
019a1979-e718-7165-b67a-7cb8acf3075c,019a1b00-71e3-704b-b67f-b098949baaf7,e5531ee9-5dc4-4408-aee0-6a896f69c434,019a1b00-71e4-73ea-8da1-db0e9a09a976,bc001aa7-ffa9-41fb-80be-f712e33bf300,"Staf Administrasi Biro Pembelajaran","Kami mencari Staf Administrasi yang teliti dan memiliki kemampuan komunikasi yang baik untuk mendukung operasional harian Biro Pembelajaran.","[{""id"":""responsibility_1"",""value"":""Mengelola data yudisium dan menerbitkan ijazah""},{""id"":""responsibility_2"",""value"":""Menyiapkan alat tulis untuk dosen""},{""id"":""responsibility_3"",""value"":""Mengelola absensi dosen""},{""id"":""responsibility_4"",""value"":""Menginput jadwal perkuliahan""},{""id"":""responsibility_5"",""value"":""Menggandakan dan mendistribusikan soal ujian""}]","[{""id"":""requirement_1"",""value"":""Minimal lulusan D3 Administrasi atau bidang terkait""},{""id"":""requirement_2"",""value"":""Menguasai Microsoft Office (Word, Excel, PowerPoint)""},{""id"":""requirement_3"",""value"":""Mampu bekerja secara mandiri maupun tim""},{""id"":""requirement_4"",""value"":""Berpengalaman di bidang administrasi menjadi nilai tambah""}]","[{""id"":""qualification_1"",""value"":""Teliti, disiplin, dan mampu bekerja sesuai prosedur administrasi""},{""id"":""qualification_2"",""value"":""Memiliki kemampuan komunikasi yang baik""},{""id"":""qualification_3"",""value"":""Dapat mengatur waktu dan prioritas pekerjaan dengan efektif""}]","[{""id"":""required_skill_1"",""value"":""Microsoft Excel dan Word tingkat menengah""},{""id"":""required_skill_2"",""value"":""Kemampuan mengetik cepat dan akurat""},{""id"":""required_skill_3"",""value"":""Kemampuan mengarsipkan dokumen dengan rapi""}]","[{""id"":""preferred_skill_1"",""value"":""Pengalaman menggunakan sistem informasi akademik (SIAKAD)""},{""id"":""preferred_skill_2"",""value"":""Memahami proses administrasi pendidikan tinggi""},{""id"":""preferred_skill_3"",""value"":""Mampu membuat laporan administrasi sederhana""}]","Apa yang Bapak/Ibu ketahui tentang posisi ini?","Membantu proses rekapitulasi administratif kegiatan akademik maupun non-akademik, serta memberikan pelayanan administrasi kepada mahasiswa dan dosen.",0.2,"[""responsibility_1"",""responsibility_4""]",1
019a1979-e718-7165-b67a-7cb8acf3075c,019a1b00-71e3-704b-b67f-b098949baaf7,de90a53e-edd6-465d-8c24-488480f93d64,019a1b00-71e5-73af-85a7-0c0a3898f727,bc001aa7-ffa9-41fb-80be-f712e33bf300,"Staf Administrasi Biro Pembelajaran","Kami mencari Staf Administrasi yang teliti dan memiliki kemampuan komunikasi yang baik untuk mendukung operasional harian Biro Pembelajaran.","[{""id"":""responsibility_1"",""value"":""Mengelola data yudisium dan menerbitkan ijazah""},{""id"":""responsibility_2"",""value"":""Menyiapkan alat tulis untuk dosen""},{""id"":""responsibility_3"",""value"":""Mengelola absensi dosen""},{""id"":""responsibility_4"",""value"":""Menginput jadwal perkuliahan""},{""id"":""responsibility_5"",""value"":""Menggandakan dan mendistribusikan soal ujian""}]","[{""id"":""requirement_1"",""value"":""Minimal lulusan D3 Administrasi atau bidang terkait""},{""id"":""requirement_2"",""value"":""Menguasai Microsoft Office (Word, Excel, PowerPoint)""},{""id"":""requirement_3"",""value"":""Mampu bekerja secara mandiri maupun tim""},{""id"":""requirement_4"",""value"":""Berpengalaman di bidang administrasi menjadi nilai tambah""}]","[{""id"":""qualification_1"",""value"":""Teliti, disiplin, dan mampu bekerja sesuai prosedur administrasi""},{""id"":""qualification_2"",""value"":""Memiliki kemampuan komunikasi yang baik""},{""id"":""qualification_3"",""value"":""Dapat mengatur waktu dan prioritas pekerjaan dengan efektif""}]","[{""id"":""required_skill_1"",""value"":""Microsoft Excel dan Word tingkat menengah""},{""id"":""required_skill_2"",""value"":""Kemampuan mengetik cepat dan akurat""},{""id"":""required_skill_3"",""value"":""Kemampuan mengarsipkan dokumen dengan rapi""}]","[{""id"":""preferred_skill_1"",""value"":""Pengalaman menggunakan sistem informasi akademik (SIAKAD)""},{""id"":""preferred_skill_2"",""value"":""Memahami proses administrasi pendidikan tinggi""},{""id"":""preferred_skill_3"",""value"":""Mampu membuat laporan administrasi sederhana""}]","Apa rencana pengembangan ke depannya apabila Anda diterima dalam posisi ini?","Apabila saya diterima dalam posisi ini, saya berencana untuk terus mengembangkan kemampuan administrasi saya, khususnya dalam pengelolaan data, pengarsipan, serta penggunaan sistem informasi akademik yang digunakan di Universitas Trilogi",0.15,"[""qualification_3"",""preferred_skill_1""]",1
019a1979-e718-7165-b67a-7cb8acf3075c,019a1b00-71e3-704b-b67f-b098949baaf7,335c8997-2285-4e51-87b4-cc0bb8075ae8,019a1b00-71e5-73af-85a7-0c0a38d84134,bc001aa7-ffa9-41fb-80be-f712e33bf300,"Staf Administrasi Biro Pembelajaran","Kami mencari Staf Administrasi yang teliti dan memiliki kemampuan komunikasi yang baik untuk mendukung operasional harian Biro Pembelajaran.","[{""id"":""responsibility_1"",""value"":""Mengelola data yudisium dan menerbitkan ijazah""},{""id"":""responsibility_2"",""value"":""Menyiapkan alat tulis untuk dosen""},{""id"":""responsibility_3"",""value"":""Mengelola absensi dosen""},{""id"":""responsibility_4"",""value"":""Menginput jadwal perkuliahan""},{""id"":""responsibility_5"",""value"":""Menggandakan dan mendistribusikan soal ujian""}]","[{""id"":""requirement_1"",""value"":""Minimal lulusan D3 Administrasi atau bidang terkait""},{""id"":""requirement_2"",""value"":""Menguasai Microsoft Office (Word, Excel, PowerPoint)""},{""id"":""requirement_3"",""value"":""Mampu bekerja secara mandiri maupun tim""},{""id"":""requirement_4"",""value"":""Berpengalaman di bidang administrasi menjadi nilai tambah""}]","[{""id"":""qualification_1"",""value"":""Teliti, disiplin, dan mampu bekerja sesuai prosedur administrasi""},{""id"":""qualification_2"",""value"":""Memiliki kemampuan komunikasi yang baik""},{""id"":""qualification_3"",""value"":""Dapat mengatur waktu dan prioritas pekerjaan dengan efektif""}]","[{""id"":""required_skill_1"",""value"":""Microsoft Excel dan Word tingkat menengah""},{""id"":""required_skill_2"",""value"":""Kemampuan mengetik cepat dan akurat""},{""id"":""required_skill_3"",""value"":""Kemampuan mengarsipkan dokumen dengan rapi""}]","[{""id"":""preferred_skill_1"",""value"":""Pengalaman menggunakan sistem informasi akademik (SIAKAD)""},{""id"":""preferred_skill_2"",""value"":""Memahami proses administrasi pendidikan tinggi""},{""id"":""preferred_skill_3"",""value"":""Mampu membuat laporan administrasi sederhana""}]","Jika Anda diterima, apa yang Anda butuhkan dari Biro Sumber Daya Manusia untuk mengembangkan diri Anda?","Saya berharap mendapatkan bimbingan berkala mengenai pengembangan karier agar saya bisa terus bertumbuh dan berkontribusi lebih baik bagi institusi.",0.15,"[""qualification_1"",""required_skill_1""]",1
019a1979-e7df-7305-9e02-23d0e56b049f,019a1b00-72aa-7169-9514-c3a71a22669d,6adb1eeb-8c7f-47b2-aa46-6d0b0be41704,019a1b00-72ab-7013-9731-94d468a32607,bc001aa7-ffa9-41fb-80be-f712e33bf300,"Staf Administrasi Biro Pembelajaran","Kami mencari Staf Administrasi yang teliti dan memiliki kemampuan komunikasi yang baik untuk mendukung operasional harian Biro Pembelajaran.","[{""id"":""responsibility_1"",""value"":""Mengelola data yudisium dan menerbitkan ijazah""},{""id"":""responsibility_2"",""value"":""Menyiapkan alat tulis untuk dosen""},{""id"":""responsibility_3"",""value"":""Mengelola absensi dosen""},{""id"":""responsibility_4"",""value"":""Menginput jadwal perkuliahan""},{""id"":""responsibility_5"",""value"":""Menggandakan dan mendistribusikan soal ujian""}]","[{""id"":""requirement_1"",""value"":""Minimal lulusan D3 Administrasi atau bidang terkait""},{""id"":""requirement_2"",""value"":""Menguasai Microsoft Office (Word, Excel, PowerPoint)""},{""id"":""requirement_3"",""value"":""Mampu bekerja secara mandiri maupun tim""},{""id"":""requirement_4"",""value"":""Berpengalaman di bidang administrasi menjadi nilai tambah""}]","[{""id"":""qualification_1"",""value"":""Teliti, disiplin, dan mampu bekerja sesuai prosedur administrasi""},{""id"":""qualification_2"",""value"":""Memiliki kemampuan komunikasi yang baik""},{""id"":""qualification_3"",""value"":""Dapat mengatur waktu dan prioritas pekerjaan dengan efektif""}]","[{""id"":""required_skill_1"",""value"":""Microsoft Excel dan Word tingkat menengah""},{""id"":""required_skill_2"",""value"":""Kemampuan mengetik cepat dan akurat""},{""id"":""required_skill_3"",""value"":""Kemampuan mengarsipkan dokumen dengan rapi""}]","[{""id"":""preferred_skill_1"",""value"":""Pengalaman menggunakan sistem informasi akademik (SIAKAD)""},{""id"":""preferred_skill_2"",""value"":""Memahami proses administrasi pendidikan tinggi""},{""id"":""preferred_skill_3"",""value"":""Mampu membuat laporan administrasi sederhana""}]","Ceritakan pengalaman kerja terdahulu. Anda boleh menceritakan relevansi pengalaman kerja dulu dengan lowongan kerja yang Bapak/Ibu lamar.","saya pernah mengurus jadwal, data, laporan yang dibutuhkan selama mengikuti beberapa kepanitiaan. yang mana akan berkaitan dengan posisi yang saya lamar, yang mengharuskan saya bekerja dengan laporan dan data-data yang dibutuhkan.",0.3,"[""requirement_4"",""preferred_skill_3""]",1
019a1979-e7df-7305-9e02-23d0e56b049f,019a1b00-72aa-7169-9514-c3a71a22669d,34fdae11-e199-4b82-b3af-4bc2f7b4d9cb,019a1b00-72ab-7013-9731-94d4698ec59a,bc001aa7-ffa9-41fb-80be-f712e33bf300,"Staf Administrasi Biro Pembelajaran","Kami mencari Staf Administrasi yang teliti dan memiliki kemampuan komunikasi yang baik untuk mendukung operasional harian Biro Pembelajaran.","[{""id"":""responsibility_1"",""value"":""Mengelola data yudisium dan menerbitkan ijazah""},{""id"":""responsibility_2"",""value"":""Menyiapkan alat tulis untuk dosen""},{""id"":""responsibility_3"",""value"":""Mengelola absensi dosen""},{""id"":""responsibility_4"",""value"":""Menginput jadwal perkuliahan""},{""id"":""responsibility_5"",""value"":""Menggandakan dan mendistribusikan soal ujian""}]","[{""id"":""requirement_1"",""value"":""Minimal lulusan D3 Administrasi atau bidang terkait""},{""id"":""requirement_2"",""value"":""Menguasai Microsoft Office (Word, Excel, PowerPoint)""},{""id"":""requirement_3"",""value"":""Mampu bekerja secara mandiri maupun tim""},{""id"":""requirement_4"",""value"":""Berpengalaman di bidang administrasi menjadi nilai tambah""}]","[{""id"":""qualification_1"",""value"":""Teliti, disiplin, dan mampu bekerja sesuai prosedur administrasi""},{""id"":""qualification_2"",""value"":""Memiliki kemampuan komunikasi yang baik""},{""id"":""qualification_3"",""value"":""Dapat mengatur waktu dan prioritas pekerjaan dengan efektif""}]","[{""id"":""required_skill_1"",""value"":""Microsoft Excel dan Word tingkat menengah""},{""id"":""required_skill_2"",""value"":""Kemampuan mengetik cepat dan akurat""},{""id"":""required_skill_3"",""value"":""Kemampuan mengarsipkan dokumen dengan rapi""}]","[{""id"":""preferred_skill_1"",""value"":""Pengalaman menggunakan sistem informasi akademik (SIAKAD)""},{""id"":""preferred_skill_2"",""value"":""Memahami proses administrasi pendidikan tinggi""},{""id"":""preferred_skill_3"",""value"":""Mampu membuat laporan administrasi sederhana""}]","Apa motivasi Bapak/Ibu untuk bekerja di Universitas Trilogi?","motivasi saya adalah untuk membantu perekonomian keluarga",0.2,"[""qualification_2"",""qualification_3""]",1
019a1979-e7df-7305-9e02-23d0e56b049f,019a1b00-72aa-7169-9514-c3a71a22669d,e5531ee9-5dc4-4408-aee0-6a896f69c434,019a1b00-72ab-7013-9731-94d469fe842d,bc001aa7-ffa9-41fb-80be-f712e33bf300,"Staf Administrasi Biro Pembelajaran","Kami mencari Staf Administrasi yang teliti dan memiliki kemampuan komunikasi yang baik untuk mendukung operasional harian Biro Pembelajaran.","[{""id"":""responsibility_1"",""value"":""Mengelola data yudisium dan menerbitkan ijazah""},{""id"":""responsibility_2"",""value"":""Menyiapkan alat tulis untuk dosen""},{""id"":""responsibility_3"",""value"":""Mengelola absensi dosen""},{""id"":""responsibility_4"",""value"":""Menginput jadwal perkuliahan""},{""id"":""responsibility_5"",""value"":""Menggandakan dan mendistribusikan soal ujian""}]","[{""id"":""requirement_1"",""value"":""Minimal lulusan D3 Administrasi atau bidang terkait""},{""id"":""requirement_2"",""value"":""Menguasai Microsoft Office (Word, Excel, PowerPoint)""},{""id"":""requirement_3"",""value"":""Mampu bekerja secara mandiri maupun tim""},{""id"":""requirement_4"",""value"":""Berpengalaman di bidang administrasi menjadi nilai tambah""}]","[{""id"":""qualification_1"",""value"":""Teliti, disiplin, dan mampu bekerja sesuai prosedur administrasi""},{""id"":""qualification_2"",""value"":""Memiliki kemampuan komunikasi yang baik""},{""id"":""qualification_3"",""value"":""Dapat mengatur waktu dan prioritas pekerjaan dengan efektif""}]","[{""id"":""required_skill_1"",""value"":""Microsoft Excel dan Word tingkat menengah""},{""id"":""required_skill_2"",""value"":""Kemampuan mengetik cepat dan akurat""},{""id"":""required_skill_3"",""value"":""Kemampuan mengarsipkan dokumen dengan rapi""}]","[{""id"":""preferred_skill_1"",""value"":""Pengalaman menggunakan sistem informasi akademik (SIAKAD)""},{""id"":""preferred_skill_2"",""value"":""Memahami proses administrasi pendidikan tinggi""},{""id"":""preferred_skill_3"",""value"":""Mampu membuat laporan administrasi sederhana""}]","Apa yang Bapak/Ibu ketahui tentang posisi ini?","posisi staff administrasi bertanggung jawab dalam mengurusi tata kelola administrasi, seperti mengurus berkas, membuat laporan, input data dan pengarsipan hingga pengaturan keuangan",0.2,"[""responsibility_1"",""responsibility_4""]",1
019a1979-e7df-7305-9e02-23d0e56b049f,019a1b00-72aa-7169-9514-c3a71a22669d,de90a53e-edd6-465d-8c24-488480f93d64,019a1b00-72ac-7367-b99f-752612c2e584,bc001aa7-ffa9-41fb-80be-f712e33bf300,"Staf Administrasi Biro Pembelajaran","Kami mencari Staf Administrasi yang teliti dan memiliki kemampuan komunikasi yang baik untuk mendukung operasional harian Biro Pembelajaran.","[{""id"":""responsibility_1"",""value"":""Mengelola data yudisium dan menerbitkan ijazah""},{""id"":""responsibility_2"",""value"":""Menyiapkan alat tulis untuk dosen""},{""id"":""responsibility_3"",""value"":""Mengelola absensi dosen""},{""id"":""responsibility_4"",""value"":""Menginput jadwal perkuliahan""},{""id"":""responsibility_5"",""value"":""Menggandakan dan mendistribusikan soal ujian""}]","[{""id"":""requirement_1"",""value"":""Minimal lulusan D3 Administrasi atau bidang terkait""},{""id"":""requirement_2"",""value"":""Menguasai Microsoft Office (Word, Excel, PowerPoint)""},{""id"":""requirement_3"",""value"":""Mampu bekerja secara mandiri maupun tim""},{""id"":""requirement_4"",""value"":""Berpengalaman di bidang administrasi menjadi nilai tambah""}]","[{""id"":""qualification_1"",""value"":""Teliti, disiplin, dan mampu bekerja sesuai prosedur administrasi""},{""id"":""qualification_2"",""value"":""Memiliki kemampuan komunikasi yang baik""},{""id"":""qualification_3"",""value"":""Dapat mengatur waktu dan prioritas pekerjaan dengan efektif""}]","[{""id"":""required_skill_1"",""value"":""Microsoft Excel dan Word tingkat menengah""},{""id"":""required_skill_2"",""value"":""Kemampuan mengetik cepat dan akurat""},{""id"":""required_skill_3"",""value"":""Kemampuan mengarsipkan dokumen dengan rapi""}]","[{""id"":""preferred_skill_1"",""value"":""Pengalaman menggunakan sistem informasi akademik (SIAKAD)""},{""id"":""preferred_skill_2"",""value"":""Memahami proses administrasi pendidikan tinggi""},{""id"":""preferred_skill_3"",""value"":""Mampu membuat laporan administrasi sederhana""}]","Apa rencana pengembangan ke depannya apabila Anda diterima dalam posisi ini?","saya akan terus berkembang pada bidang ini, meningkatkan keterampilan profesional dan berkontribusi secara maksimal pada perusahaan. ",0.15,"[""qualification_3"",""preferred_skill_1""]",1
019a1979-e7df-7305-9e02-23d0e56b049f,019a1b00-72aa-7169-9514-c3a71a22669d,335c8997-2285-4e51-87b4-cc0bb8075ae8,019a1b00-72ac-7367-b99f-752612c67611,bc001aa7-ffa9-41fb-80be-f712e33bf300,"Staf Administrasi Biro Pembelajaran","Kami mencari Staf Administrasi yang teliti dan memiliki kemampuan komunikasi yang baik untuk mendukung operasional harian Biro Pembelajaran.","[{""id"":""responsibility_1"",""value"":""Mengelola data yudisium dan menerbitkan ijazah""},{""id"":""responsibility_2"",""value"":""Menyiapkan alat tulis untuk dosen""},{""id"":""responsibility_3"",""value"":""Mengelola absensi dosen""},{""id"":""responsibility_4"",""value"":""Menginput jadwal perkuliahan""},{""id"":""responsibility_5"",""value"":""Menggandakan dan mendistribusikan soal ujian""}]","[{""id"":""requirement_1"",""value"":""Minimal lulusan D3 Administrasi atau bidang terkait""},{""id"":""requirement_2"",""value"":""Menguasai Microsoft Office (Word, Excel, PowerPoint)""},{""id"":""requirement_3"",""value"":""Mampu bekerja secara mandiri maupun tim""},{""id"":""requirement_4"",""value"":""Berpengalaman di bidang administrasi menjadi nilai tambah""}]","[{""id"":""qualification_1"",""value"":""Teliti, disiplin, dan mampu bekerja sesuai prosedur administrasi""},{""id"":""qualification_2"",""value"":""Memiliki kemampuan komunikasi yang baik""},{""id"":""qualification_3"",""value"":""Dapat mengatur waktu dan prioritas pekerjaan dengan efektif""}]","[{""id"":""required_skill_1"",""value"":""Microsoft Excel dan Word tingkat menengah""},{""id"":""required_skill_2"",""value"":""Kemampuan mengetik cepat dan akurat""},{""id"":""required_skill_3"",""value"":""Kemampuan mengarsipkan dokumen dengan rapi""}]","[{""id"":""preferred_skill_1"",""value"":""Pengalaman menggunakan sistem informasi akademik (SIAKAD)""},{""id"":""preferred_skill_2"",""value"":""Memahami proses administrasi pendidikan tinggi""},{""id"":""preferred_skill_3"",""value"":""Mampu membuat laporan administrasi sederhana""}]","Jika Anda diterima, apa yang Anda butuhkan dari Biro Sumber Daya Manusia untuk mengembangkan diri Anda?","pelatihan kerja yang selaras dengan bidangnya",0.15,"[""qualification_1"",""required_skill_1""]",1
019a1979-e8c3-71ae-9de1-13f295dbac74,019a1b00-7377-711f-b5e4-d8c43cb0ef7e,6adb1eeb-8c7f-47b2-aa46-6d0b0be41704,019a1b00-7379-7130-846e-08064b936134,bc001aa7-ffa9-41fb-80be-f712e33bf300,"Staf Administrasi Biro Pembelajaran","Kami mencari Staf Administrasi yang teliti dan memiliki kemampuan komunikasi yang baik untuk mendukung operasional harian Biro Pembelajaran.","[{""id"":""responsibility_1"",""value"":""Mengelola data yudisium dan menerbitkan ijazah""},{""id"":""responsibility_2"",""value"":""Menyiapkan alat tulis untuk dosen""},{""id"":""responsibility_3"",""value"":""Mengelola absensi dosen""},{""id"":""responsibility_4"",""value"":""Menginput jadwal perkuliahan""},{""id"":""responsibility_5"",""value"":""Menggandakan dan mendistribusikan soal ujian""}]","[{""id"":""requirement_1"",""value"":""Minimal lulusan D3 Administrasi atau bidang terkait""},{""id"":""requirement_2"",""value"":""Menguasai Microsoft Office (Word, Excel, PowerPoint)""},{""id"":""requirement_3"",""value"":""Mampu bekerja secara mandiri maupun tim""},{""id"":""requirement_4"",""value"":""Berpengalaman di bidang administrasi menjadi nilai tambah""}]","[{""id"":""qualification_1"",""value"":""Teliti, disiplin, dan mampu bekerja sesuai prosedur administrasi""},{""id"":""qualification_2"",""value"":""Memiliki kemampuan komunikasi yang baik""},{""id"":""qualification_3"",""value"":""Dapat mengatur waktu dan prioritas pekerjaan dengan efektif""}]","[{""id"":""required_skill_1"",""value"":""Microsoft Excel dan Word tingkat menengah""},{""id"":""required_skill_2"",""value"":""Kemampuan mengetik cepat dan akurat""},{""id"":""required_skill_3"",""value"":""Kemampuan mengarsipkan dokumen dengan rapi""}]","[{""id"":""preferred_skill_1"",""value"":""Pengalaman menggunakan sistem informasi akademik (SIAKAD)""},{""id"":""preferred_skill_2"",""value"":""Memahami proses administrasi pendidikan tinggi""},{""id"":""preferred_skill_3"",""value"":""Mampu membuat laporan administrasi sederhana""}]","Ceritakan pengalaman kerja terdahulu. Anda boleh menceritakan relevansi pengalaman kerja dulu dengan lowongan kerja yang Bapak/Ibu lamar.","Saya memiliki pengalaman di bidang administrasi data dan layanan nasabah. Saat ini saya bekerja sebagai Admin Account Services Staff Maker di Bank UOB, bertanggung jawab mengupdate data nasabah secara akurat dan cepat sesuai permintaan cabang atau call center. Sebelumnya, saya juga pernah bekerja di Bank Mandiri sebagai Call Center Pembukaan Rekening, termasuk verifikasi dokumen dan rekap laporan harian. Pengalaman ini melatih saya menjadi pribadi yang teliti, cepat, dan terbiasa bekerja dengan sistem serta data, yang relevan dengan posisi administrasi di Biro Universitas Trilogi.",0.3,"[""requirement_4"",""preferred_skill_3""]",1
019a1979-e8c3-71ae-9de1-13f295dbac74,019a1b00-7377-711f-b5e4-d8c43cb0ef7e,34fdae11-e199-4b82-b3af-4bc2f7b4d9cb,019a1b00-737a-732b-94a8-045ddd6dd0bb,bc001aa7-ffa9-41fb-80be-f712e33bf300,"Staf Administrasi Biro Pembelajaran","Kami mencari Staf Administrasi yang teliti dan memiliki kemampuan komunikasi yang baik untuk mendukung operasional harian Biro Pembelajaran.","[{""id"":""responsibility_1"",""value"":""Mengelola data yudisium dan menerbitkan ijazah""},{""id"":""responsibility_2"",""value"":""Menyiapkan alat tulis untuk dosen""},{""id"":""responsibility_3"",""value"":""Mengelola absensi dosen""},{""id"":""responsibility_4"",""value"":""Menginput jadwal perkuliahan""},{""id"":""responsibility_5"",""value"":""Menggandakan dan mendistribusikan soal ujian""}]","[{""id"":""requirement_1"",""value"":""Minimal lulusan D3 Administrasi atau bidang terkait""},{""id"":""requirement_2"",""value"":""Menguasai Microsoft Office (Word, Excel, PowerPoint)""},{""id"":""requirement_3"",""value"":""Mampu bekerja secara mandiri maupun tim""},{""id"":""requirement_4"",""value"":""Berpengalaman di bidang administrasi menjadi nilai tambah""}]","[{""id"":""qualification_1"",""value"":""Teliti, disiplin, dan mampu bekerja sesuai prosedur administrasi""},{""id"":""qualification_2"",""value"":""Memiliki kemampuan komunikasi yang baik""},{""id"":""qualification_3"",""value"":""Dapat mengatur waktu dan prioritas pekerjaan dengan efektif""}]","[{""id"":""required_skill_1"",""value"":""Microsoft Excel dan Word tingkat menengah""},{""id"":""required_skill_2"",""value"":""Kemampuan mengetik cepat dan akurat""},{""id"":""required_skill_3"",""value"":""Kemampuan mengarsipkan dokumen dengan rapi""}]","[{""id"":""preferred_skill_1"",""value"":""Pengalaman menggunakan sistem informasi akademik (SIAKAD)""},{""id"":""preferred_skill_2"",""value"":""Memahami proses administrasi pendidikan tinggi""},{""id"":""preferred_skill_3"",""value"":""Mampu membuat laporan administrasi sederhana""}]","Apa motivasi Bapak/Ibu untuk bekerja di Universitas Trilogi?","Saya lulusan dari Universitas Trilogi, saat itu saya diterima melalui beasiswa bidikmisi, saya kuliah dengan rajin dan giat mengantarkan saya pada hasil terbaik saat kelulusan. Saya ingin kembali, kembali untuk berkontribusi pada kampus yang pernah menjadi bagian hidup saya dan tentunya saya ingin mengembangkan karier saya karena saat ini saya masih karyawan outsourcing yang agak susah untuk ada jenjang karier nya. ",0.2,"[""qualification_2"",""qualification_3""]",1
019a1979-e8c3-71ae-9de1-13f295dbac74,019a1b00-7377-711f-b5e4-d8c43cb0ef7e,e5531ee9-5dc4-4408-aee0-6a896f69c434,019a1b00-737a-732b-94a8-045dde42a713,bc001aa7-ffa9-41fb-80be-f712e33bf300,"Staf Administrasi Biro Pembelajaran","Kami mencari Staf Administrasi yang teliti dan memiliki kemampuan komunikasi yang baik untuk mendukung operasional harian Biro Pembelajaran.","[{""id"":""responsibility_1"",""value"":""Mengelola data yudisium dan menerbitkan ijazah""},{""id"":""responsibility_2"",""value"":""Menyiapkan alat tulis untuk dosen""},{""id"":""responsibility_3"",""value"":""Mengelola absensi dosen""},{""id"":""responsibility_4"",""value"":""Menginput jadwal perkuliahan""},{""id"":""responsibility_5"",""value"":""Menggandakan dan mendistribusikan soal ujian""}]","[{""id"":""requirement_1"",""value"":""Minimal lulusan D3 Administrasi atau bidang terkait""},{""id"":""requirement_2"",""value"":""Menguasai Microsoft Office (Word, Excel, PowerPoint)""},{""id"":""requirement_3"",""value"":""Mampu bekerja secara mandiri maupun tim""},{""id"":""requirement_4"",""value"":""Berpengalaman di bidang administrasi menjadi nilai tambah""}]","[{""id"":""qualification_1"",""value"":""Teliti, disiplin, dan mampu bekerja sesuai prosedur administrasi""},{""id"":""qualification_2"",""value"":""Memiliki kemampuan komunikasi yang baik""},{""id"":""qualification_3"",""value"":""Dapat mengatur waktu dan prioritas pekerjaan dengan efektif""}]","[{""id"":""required_skill_1"",""value"":""Microsoft Excel dan Word tingkat menengah""},{""id"":""required_skill_2"",""value"":""Kemampuan mengetik cepat dan akurat""},{""id"":""required_skill_3"",""value"":""Kemampuan mengarsipkan dokumen dengan rapi""}]","[{""id"":""preferred_skill_1"",""value"":""Pengalaman menggunakan sistem informasi akademik (SIAKAD)""},{""id"":""preferred_skill_2"",""value"":""Memahami proses administrasi pendidikan tinggi""},{""id"":""preferred_skill_3"",""value"":""Mampu membuat laporan administrasi sederhana""}]","Apa yang Bapak/Ibu ketahui tentang posisi ini?","Posisi ini berperan penting dalam mendukung kelancaran administrasi akademik, seperti pengelolaan data mahasiswa, penjadwalan perkuliahan, serta pelayanan informasi akademik. Posisi ini juga menuntut ketelitian, keterampilan komunikasi, serta kemampuan bekerja dengan sistem administrasi kampus agar proses pembelajaran berjalan lancar dan terkoordinasi.",0.2,"[""responsibility_1"",""responsibility_4""]",1
019a1979-e8c3-71ae-9de1-13f295dbac74,019a1b00-7377-711f-b5e4-d8c43cb0ef7e,de90a53e-edd6-465d-8c24-488480f93d64,019a1b00-737b-728b-ac97-0ed3348b42be,bc001aa7-ffa9-41fb-80be-f712e33bf300,"Staf Administrasi Biro Pembelajaran","Kami mencari Staf Administrasi yang teliti dan memiliki kemampuan komunikasi yang baik untuk mendukung operasional harian Biro Pembelajaran.","[{""id"":""responsibility_1"",""value"":""Mengelola data yudisium dan menerbitkan ijazah""},{""id"":""responsibility_2"",""value"":""Menyiapkan alat tulis untuk dosen""},{""id"":""responsibility_3"",""value"":""Mengelola absensi dosen""},{""id"":""responsibility_4"",""value"":""Menginput jadwal perkuliahan""},{""id"":""responsibility_5"",""value"":""Menggandakan dan mendistribusikan soal ujian""}]","[{""id"":""requirement_1"",""value"":""Minimal lulusan D3 Administrasi atau bidang terkait""},{""id"":""requirement_2"",""value"":""Menguasai Microsoft Office (Word, Excel, PowerPoint)""},{""id"":""requirement_3"",""value"":""Mampu bekerja secara mandiri maupun tim""},{""id"":""requirement_4"",""value"":""Berpengalaman di bidang administrasi menjadi nilai tambah""}]","[{""id"":""qualification_1"",""value"":""Teliti, disiplin, dan mampu bekerja sesuai prosedur administrasi""},{""id"":""qualification_2"",""value"":""Memiliki kemampuan komunikasi yang baik""},{""id"":""qualification_3"",""value"":""Dapat mengatur waktu dan prioritas pekerjaan dengan efektif""}]","[{""id"":""required_skill_1"",""value"":""Microsoft Excel dan Word tingkat menengah""},{""id"":""required_skill_2"",""value"":""Kemampuan mengetik cepat dan akurat""},{""id"":""required_skill_3"",""value"":""Kemampuan mengarsipkan dokumen dengan rapi""}]","[{""id"":""preferred_skill_1"",""value"":""Pengalaman menggunakan sistem informasi akademik (SIAKAD)""},{""id"":""preferred_skill_2"",""value"":""Memahami proses administrasi pendidikan tinggi""},{""id"":""preferred_skill_3"",""value"":""Mampu membuat laporan administrasi sederhana""}]","Apa rencana pengembangan ke depannya apabila Anda diterima dalam posisi ini?","Jika saya diterima, saya ingin dapat berkembang secara konsisten,menambah keterampilan administrasi dan pengelolaan data, serta memahami sistem akademik secara masif. Saya juga memiliki komitmen untuk belajar banyak hal baru yang dapat mendukung kinerja biro, seperti halnya penguasaan aplikasi sistem informasi akademik, dan berkontribusi aktif dalam meningkatkan pelayanan administrasi",0.15,"[""qualification_3"",""preferred_skill_1""]",1
019a1979-e8c3-71ae-9de1-13f295dbac74,019a1b00-7377-711f-b5e4-d8c43cb0ef7e,335c8997-2285-4e51-87b4-cc0bb8075ae8,019a1b00-737b-728b-ac97-0ed3351fb390,bc001aa7-ffa9-41fb-80be-f712e33bf300,"Staf Administrasi Biro Pembelajaran","Kami mencari Staf Administrasi yang teliti dan memiliki kemampuan komunikasi yang baik untuk mendukung operasional harian Biro Pembelajaran.","[{""id"":""responsibility_1"",""value"":""Mengelola data yudisium dan menerbitkan ijazah""},{""id"":""responsibility_2"",""value"":""Menyiapkan alat tulis untuk dosen""},{""id"":""responsibility_3"",""value"":""Mengelola absensi dosen""},{""id"":""responsibility_4"",""value"":""Menginput jadwal perkuliahan""},{""id"":""responsibility_5"",""value"":""Menggandakan dan mendistribusikan soal ujian""}]","[{""id"":""requirement_1"",""value"":""Minimal lulusan D3 Administrasi atau bidang terkait""},{""id"":""requirement_2"",""value"":""Menguasai Microsoft Office (Word, Excel, PowerPoint)""},{""id"":""requirement_3"",""value"":""Mampu bekerja secara mandiri maupun tim""},{""id"":""requirement_4"",""value"":""Berpengalaman di bidang administrasi menjadi nilai tambah""}]","[{""id"":""qualification_1"",""value"":""Teliti, disiplin, dan mampu bekerja sesuai prosedur administrasi""},{""id"":""qualification_2"",""value"":""Memiliki kemampuan komunikasi yang baik""},{""id"":""qualification_3"",""value"":""Dapat mengatur waktu dan prioritas pekerjaan dengan efektif""}]","[{""id"":""required_skill_1"",""value"":""Microsoft Excel dan Word tingkat menengah""},{""id"":""required_skill_2"",""value"":""Kemampuan mengetik cepat dan akurat""},{""id"":""required_skill_3"",""value"":""Kemampuan mengarsipkan dokumen dengan rapi""}]","[{""id"":""preferred_skill_1"",""value"":""Pengalaman menggunakan sistem informasi akademik (SIAKAD)""},{""id"":""preferred_skill_2"",""value"":""Memahami proses administrasi pendidikan tinggi""},{""id"":""preferred_skill_3"",""value"":""Mampu membuat laporan administrasi sederhana""}]","Jika Anda diterima, apa yang Anda butuhkan dari Biro Sumber Daya Manusia untuk mengembangkan diri Anda?","Saya berharap Biro SDM dapat memberikan akses pelatihan atau workshop yang relevan dengan tugas saya, seperti pelatihan administrasi digital, pengelolaan data akademik, atau layanan prima. Saya juga terbuka terhadap sistem mentoring atau evaluasi berkala yang dapat membantu saya berkembang secara profesional dan memberikan kontribusi lebih maksimal bagi institusi.",0.15,"[""qualification_1"",""required_skill_1""]",1
019a1979-e996-7013-b266-7d203686299b,019a1b00-7441-737b-b44d-76fe6804d68c,6adb1eeb-8c7f-47b2-aa46-6d0b0be41704,019a1b00-7442-7073-b7e9-adfc3338d82a,bc001aa7-ffa9-41fb-80be-f712e33bf300,"Staf Administrasi Biro Pembelajaran","Kami mencari Staf Administrasi yang teliti dan memiliki kemampuan komunikasi yang baik untuk mendukung operasional harian Biro Pembelajaran.","[{""id"":""responsibility_1"",""value"":""Mengelola data yudisium dan menerbitkan ijazah""},{""id"":""responsibility_2"",""value"":""Menyiapkan alat tulis untuk dosen""},{""id"":""responsibility_3"",""value"":""Mengelola absensi dosen""},{""id"":""responsibility_4"",""value"":""Menginput jadwal perkuliahan""},{""id"":""responsibility_5"",""value"":""Menggandakan dan mendistribusikan soal ujian""}]","[{""id"":""requirement_1"",""value"":""Minimal lulusan D3 Administrasi atau bidang terkait""},{""id"":""requirement_2"",""value"":""Menguasai Microsoft Office (Word, Excel, PowerPoint)""},{""id"":""requirement_3"",""value"":""Mampu bekerja secara mandiri maupun tim""},{""id"":""requirement_4"",""value"":""Berpengalaman di bidang administrasi menjadi nilai tambah""}]","[{""id"":""qualification_1"",""value"":""Teliti, disiplin, dan mampu bekerja sesuai prosedur administrasi""},{""id"":""qualification_2"",""value"":""Memiliki kemampuan komunikasi yang baik""},{""id"":""qualification_3"",""value"":""Dapat mengatur waktu dan prioritas pekerjaan dengan efektif""}]","[{""id"":""required_skill_1"",""value"":""Microsoft Excel dan Word tingkat menengah""},{""id"":""required_skill_2"",""value"":""Kemampuan mengetik cepat dan akurat""},{""id"":""required_skill_3"",""value"":""Kemampuan mengarsipkan dokumen dengan rapi""}]","[{""id"":""preferred_skill_1"",""value"":""Pengalaman menggunakan sistem informasi akademik (SIAKAD)""},{""id"":""preferred_skill_2"",""value"":""Memahami proses administrasi pendidikan tinggi""},{""id"":""preferred_skill_3"",""value"":""Mampu membuat laporan administrasi sederhana""}]","Ceritakan pengalaman kerja terdahulu. Anda boleh menceritakan relevansi pengalaman kerja dulu dengan lowongan kerja yang Bapak/Ibu lamar.","Berdasarkan pengalaman kerja saya terdahulu sebagai tenaga pendidik/guru, saya terbiasa merencanakan jadwal pembelajaran, membuat materi pembelajaran dan bahan ajar berdasarkan kurikulum yang berlaku secara terstruktur, serta mencatat perkembangan setiap siswa secara rapi. Saya juga berkoordinasi dengan orang tua untuk memberikan laporan hasil belajar. Pengalaman ini melatih saya dalam mengatur waktu, menyusun administrasi pembelajaran, dan mengelola data siswa dengan teliti. Keterampilan yang menurut saya relevan dengan posisi Biro Administrasi Pembelajaran dimana ketelitian, pengelolaan dokumen, dan koordinasi dalam tim adalah hal penting. Jadi, meskipun sebelumnya saya mengajar langsung, saya sudah terbiasa dengan aspek administrasi dan manajemen pembelajaran yang mendukung kelancaran proses belajar.",0.3,"[""requirement_4"",""preferred_skill_3""]",1
019a1979-e996-7013-b266-7d203686299b,019a1b00-7441-737b-b44d-76fe6804d68c,34fdae11-e199-4b82-b3af-4bc2f7b4d9cb,019a1b00-7443-71e0-b132-1c65e155f654,bc001aa7-ffa9-41fb-80be-f712e33bf300,"Staf Administrasi Biro Pembelajaran","Kami mencari Staf Administrasi yang teliti dan memiliki kemampuan komunikasi yang baik untuk mendukung operasional harian Biro Pembelajaran.","[{""id"":""responsibility_1"",""value"":""Mengelola data yudisium dan menerbitkan ijazah""},{""id"":""responsibility_2"",""value"":""Menyiapkan alat tulis untuk dosen""},{""id"":""responsibility_3"",""value"":""Mengelola absensi dosen""},{""id"":""responsibility_4"",""value"":""Menginput jadwal perkuliahan""},{""id"":""responsibility_5"",""value"":""Menggandakan dan mendistribusikan soal ujian""}]","[{""id"":""requirement_1"",""value"":""Minimal lulusan D3 Administrasi atau bidang terkait""},{""id"":""requirement_2"",""value"":""Menguasai Microsoft Office (Word, Excel, PowerPoint)""},{""id"":""requirement_3"",""value"":""Mampu bekerja secara mandiri maupun tim""},{""id"":""requirement_4"",""value"":""Berpengalaman di bidang administrasi menjadi nilai tambah""}]","[{""id"":""qualification_1"",""value"":""Teliti, disiplin, dan mampu bekerja sesuai prosedur administrasi""},{""id"":""qualification_2"",""value"":""Memiliki kemampuan komunikasi yang baik""},{""id"":""qualification_3"",""value"":""Dapat mengatur waktu dan prioritas pekerjaan dengan efektif""}]","[{""id"":""required_skill_1"",""value"":""Microsoft Excel dan Word tingkat menengah""},{""id"":""required_skill_2"",""value"":""Kemampuan mengetik cepat dan akurat""},{""id"":""required_skill_3"",""value"":""Kemampuan mengarsipkan dokumen dengan rapi""}]","[{""id"":""preferred_skill_1"",""value"":""Pengalaman menggunakan sistem informasi akademik (SIAKAD)""},{""id"":""preferred_skill_2"",""value"":""Memahami proses administrasi pendidikan tinggi""},{""id"":""preferred_skill_3"",""value"":""Mampu membuat laporan administrasi sederhana""}]","Apa motivasi Bapak/Ibu untuk bekerja di Universitas Trilogi?","Sebagai salah satu perguruan tinggi swasta di Jakarta Selatan, Saya tertarik bekerja di Universitas Trilogi karena kampus ini memiliki visi dan misi membentuk lulusan yang berkarakter, kreatif, dan inovatif, serta mengedepankan konsep technopreneurship dan kolaborasi. Nilai-nilai tersebut sejalan dengan prinsip kerja saya yang mengutamakan ketelitian, keteraturan, dan kerja sama tim. Pada posisi biro administrasi pembelajaran, saya termotivasi untuk berkontribusi dalam memastikan proses akademik berjalan lancar dan tertata, sehingga dosen dan mahasiswa dapat fokus pada pembelajaran yang berkualitas. Saya melihat ini sebagai kesempatan untuk berkembang sambil memberikan kontribusi  bagi Universitas Trilogi.",0.2,"[""qualification_2"",""qualification_3""]",1
019a1979-e996-7013-b266-7d203686299b,019a1b00-7441-737b-b44d-76fe6804d68c,e5531ee9-5dc4-4408-aee0-6a896f69c434,019a1b00-7443-71e0-b132-1c65e1a1929b,bc001aa7-ffa9-41fb-80be-f712e33bf300,"Staf Administrasi Biro Pembelajaran","Kami mencari Staf Administrasi yang teliti dan memiliki kemampuan komunikasi yang baik untuk mendukung operasional harian Biro Pembelajaran.","[{""id"":""responsibility_1"",""value"":""Mengelola data yudisium dan menerbitkan ijazah""},{""id"":""responsibility_2"",""value"":""Menyiapkan alat tulis untuk dosen""},{""id"":""responsibility_3"",""value"":""Mengelola absensi dosen""},{""id"":""responsibility_4"",""value"":""Menginput jadwal perkuliahan""},{""id"":""responsibility_5"",""value"":""Menggandakan dan mendistribusikan soal ujian""}]","[{""id"":""requirement_1"",""value"":""Minimal lulusan D3 Administrasi atau bidang terkait""},{""id"":""requirement_2"",""value"":""Menguasai Microsoft Office (Word, Excel, PowerPoint)""},{""id"":""requirement_3"",""value"":""Mampu bekerja secara mandiri maupun tim""},{""id"":""requirement_4"",""value"":""Berpengalaman di bidang administrasi menjadi nilai tambah""}]","[{""id"":""qualification_1"",""value"":""Teliti, disiplin, dan mampu bekerja sesuai prosedur administrasi""},{""id"":""qualification_2"",""value"":""Memiliki kemampuan komunikasi yang baik""},{""id"":""qualification_3"",""value"":""Dapat mengatur waktu dan prioritas pekerjaan dengan efektif""}]","[{""id"":""required_skill_1"",""value"":""Microsoft Excel dan Word tingkat menengah""},{""id"":""required_skill_2"",""value"":""Kemampuan mengetik cepat dan akurat""},{""id"":""required_skill_3"",""value"":""Kemampuan mengarsipkan dokumen dengan rapi""}]","[{""id"":""preferred_skill_1"",""value"":""Pengalaman menggunakan sistem informasi akademik (SIAKAD)""},{""id"":""preferred_skill_2"",""value"":""Memahami proses administrasi pendidikan tinggi""},{""id"":""preferred_skill_3"",""value"":""Mampu membuat laporan administrasi sederhana""}]","Apa yang Bapak/Ibu ketahui tentang posisi ini?","Biro Administrasi Pembelajaran (BAP), adalah unit kerja pada perguruan tinggi yang bertugas menyelenggarakan pelayanan administrasi terkait kegiatan akademik dan kemahasiswaan. Biro BAP bertanggung jawab atas berbagai urusan administratif, mulai dari mengelola data dan informasi akademik, jadwal perkuliahan, mengelola data dan informasi administrasi pembelajaran yang terkait dengan proses pembelajaran, berkoordinasi dengan unit kerja lain di lingkungan universitas, fakultas dan program studi.",0.2,"[""responsibility_1"",""responsibility_4""]",1
019a1979-e996-7013-b266-7d203686299b,019a1b00-7441-737b-b44d-76fe6804d68c,de90a53e-edd6-465d-8c24-488480f93d64,019a1b00-7443-71e0-b132-1c65e2259733,bc001aa7-ffa9-41fb-80be-f712e33bf300,"Staf Administrasi Biro Pembelajaran","Kami mencari Staf Administrasi yang teliti dan memiliki kemampuan komunikasi yang baik untuk mendukung operasional harian Biro Pembelajaran.","[{""id"":""responsibility_1"",""value"":""Mengelola data yudisium dan menerbitkan ijazah""},{""id"":""responsibility_2"",""value"":""Menyiapkan alat tulis untuk dosen""},{""id"":""responsibility_3"",""value"":""Mengelola absensi dosen""},{""id"":""responsibility_4"",""value"":""Menginput jadwal perkuliahan""},{""id"":""responsibility_5"",""value"":""Menggandakan dan mendistribusikan soal ujian""}]","[{""id"":""requirement_1"",""value"":""Minimal lulusan D3 Administrasi atau bidang terkait""},{""id"":""requirement_2"",""value"":""Menguasai Microsoft Office (Word, Excel, PowerPoint)""},{""id"":""requirement_3"",""value"":""Mampu bekerja secara mandiri maupun tim""},{""id"":""requirement_4"",""value"":""Berpengalaman di bidang administrasi menjadi nilai tambah""}]","[{""id"":""qualification_1"",""value"":""Teliti, disiplin, dan mampu bekerja sesuai prosedur administrasi""},{""id"":""qualification_2"",""value"":""Memiliki kemampuan komunikasi yang baik""},{""id"":""qualification_3"",""value"":""Dapat mengatur waktu dan prioritas pekerjaan dengan efektif""}]","[{""id"":""required_skill_1"",""value"":""Microsoft Excel dan Word tingkat menengah""},{""id"":""required_skill_2"",""value"":""Kemampuan mengetik cepat dan akurat""},{""id"":""required_skill_3"",""value"":""Kemampuan mengarsipkan dokumen dengan rapi""}]","[{""id"":""preferred_skill_1"",""value"":""Pengalaman menggunakan sistem informasi akademik (SIAKAD)""},{""id"":""preferred_skill_2"",""value"":""Memahami proses administrasi pendidikan tinggi""},{""id"":""preferred_skill_3"",""value"":""Mampu membuat laporan administrasi sederhana""}]","Apa rencana pengembangan ke depannya apabila Anda diterima dalam posisi ini?","Jika saya diterima, rencana saya adalah pada awal masa kerja saya akan fokus mempelajari alur kerja dan sistem administrasi pembelajaran yang berlaku di Universitas Trilogi agar bisa beradaptasi dengan cepat, baik dengan rekan kerja dan lingkungan Universitas Trilogi. Selanjutnya, saya ingin mengembangkan keterampilan pada penggunaan aplikasi administrasi akademik, dan penyusunan laporan secara efektif. Kedepannya, saya berharap dapat berkontribusi dalam pengembangan sistem administrasi pembelajaran, misalnya dengan membuat arsip yang lebih terstruktur atau membantu proses digitalisasi dokumen, sehingga pelayanan kepada dosen dan mahasiswa menjadi lebih cepat, rapi, dan tepat.",0.15,"[""qualification_3"",""preferred_skill_1""]",1
019a1979-e996-7013-b266-7d203686299b,019a1b00-7441-737b-b44d-76fe6804d68c,335c8997-2285-4e51-87b4-cc0bb8075ae8,019a1b00-7444-703c-b184-710746510420,bc001aa7-ffa9-41fb-80be-f712e33bf300,"Staf Administrasi Biro Pembelajaran","Kami mencari Staf Administrasi yang teliti dan memiliki kemampuan komunikasi yang baik untuk mendukung operasional harian Biro Pembelajaran.","[{""id"":""responsibility_1"",""value"":""Mengelola data yudisium dan menerbitkan ijazah""},{""id"":""responsibility_2"",""value"":""Menyiapkan alat tulis untuk dosen""},{""id"":""responsibility_3"",""value"":""Mengelola absensi dosen""},{""id"":""responsibility_4"",""value"":""Menginput jadwal perkuliahan""},{""id"":""responsibility_5"",""value"":""Menggandakan dan mendistribusikan soal ujian""}]","[{""id"":""requirement_1"",""value"":""Minimal lulusan D3 Administrasi atau bidang terkait""},{""id"":""requirement_2"",""value"":""Menguasai Microsoft Office (Word, Excel, PowerPoint)""},{""id"":""requirement_3"",""value"":""Mampu bekerja secara mandiri maupun tim""},{""id"":""requirement_4"",""value"":""Berpengalaman di bidang administrasi menjadi nilai tambah""}]","[{""id"":""qualification_1"",""value"":""Teliti, disiplin, dan mampu bekerja sesuai prosedur administrasi""},{""id"":""qualification_2"",""value"":""Memiliki kemampuan komunikasi yang baik""},{""id"":""qualification_3"",""value"":""Dapat mengatur waktu dan prioritas pekerjaan dengan efektif""}]","[{""id"":""required_skill_1"",""value"":""Microsoft Excel dan Word tingkat menengah""},{""id"":""required_skill_2"",""value"":""Kemampuan mengetik cepat dan akurat""},{""id"":""required_skill_3"",""value"":""Kemampuan mengarsipkan dokumen dengan rapi""}]","[{""id"":""preferred_skill_1"",""value"":""Pengalaman menggunakan sistem informasi akademik (SIAKAD)""},{""id"":""preferred_skill_2"",""value"":""Memahami proses administrasi pendidikan tinggi""},{""id"":""preferred_skill_3"",""value"":""Mampu membuat laporan administrasi sederhana""}]","Jika Anda diterima, apa yang Anda butuhkan dari Biro Sumber Daya Manusia untuk mengembangkan diri Anda?","Saya percaya bahwa pengembangan diri adalah proses berkelanjutan. Jika saya diterima, saya akan sangat terbantu apabila Biro Sumber Daya Manusia dapat memberikan arahan awal dan bimbingan terkait alur kerja serta pelatihan penggunaan sistem administrasi pembelajaran yang digunakan di lingkungan Universitas Trilogi. Selain itu, akses pada informasi kebijakan dan kesempatan mengikuti pelatihan pengembangan kompetensi juga akan sangat membantu. Dengan dukungan tersebut, saya yakin bisa beradaptasi lebih cepat, bekerja lebih efektif, dan memberikan kontribusi yang maksimal bagi Universitas Trilogi. ",0.15,"[""qualification_1"",""required_skill_1""]",1
